timestamp,equity
2020-12-23 05:00:00+00:00,999.7372567722169
2020-12-24 05:00:00+00:00,1000.1254452975858
2020-12-28 05:00:00+00:00,1000.9860501663637
2020-12-29 05:00:00+00:00,1000.7932987306513
2020-12-30 05:00:00+00:00,1000.937173049073
2020-12-31 05:00:00+00:00,1001.4502846338044
2021-01-04 05:00:00+00:00,1000.0684487613948
2021-01-05 05:00:00+00:00,1000.7579837196552
2021-01-06 05:00:00+00:00,1001.3606765854379
2021-01-07 05:00:00+00:00,1002.8673909050183
2021-01-08 05:00:00+00:00,1003.4537824759326
2021-01-11 05:00:00+00:00,1002.7560834865805
2021-01-12 05:00:00+00:00,1002.7777917790902
2021-01-13 05:00:00+00:00,1003.054717498213
2021-01-14 05:00:00+00:00,1002.6936353405567
2021-01-15 05:00:00+00:00,1001.9443735799699
2021-01-19 05:00:00+00:00,1002.7452159566681
2021-01-20 05:00:00+00:00,1004.1677559928382
2021-01-21 05:00:00+00:00,1004.2627888837225
2021-01-22 05:00:00+00:00,1003.8935783847278
2021-01-25 05:00:00+00:00,1004.3035198147982
2021-01-26 05:00:00+00:00,1004.1406228578106
2021-01-27 05:00:00+00:00,1001.5941232624726
2021-01-28 05:00:00+00:00,1002.4683170048604
2021-01-29 05:00:00+00:00,1000.4159420454414
2021-02-01 05:00:00+00:00,1002.0882211310766
2021-02-02 05:00:00+00:00,1003.5325051495099
2021-02-03 05:00:00+00:00,1003.6139402443462
2021-02-04 05:00:00+00:00,1004.7921571511308
2021-02-05 05:00:00+00:00,1005.2048199248984
2021-02-08 05:00:00+00:00,1005.9649492153976
2021-02-09 05:00:00+00:00,1005.8943816504737
2021-02-10 05:00:00+00:00,1005.8482169544419
2021-02-11 05:00:00+00:00,1006.0192333303295
2021-02-12 05:00:00+00:00,1006.5431946000966
2021-02-16 05:00:00+00:00,1006.450891975348
2021-02-17 05:00:00+00:00,1006.475321611555
2021-02-18 05:00:00+00:00,1006.0219635964652
2021-02-19 05:00:00+00:00,1005.8346459257089
2021-02-22 05:00:00+00:00,1005.0202057529627
2021-02-23 05:00:00+00:00,1005.1477876989542
2021-02-24 05:00:00+00:00,1006.3070265793647
2021-02-25 05:00:00+00:00,1003.7442613789116
2021-02-26 05:00:00+00:00,1003.2094325792319
2021-03-01 05:00:00+00:00,1005.7124531324819
2021-03-02 05:00:00+00:00,1004.8871811195768
2021-03-03 05:00:00+00:00,1003.4972169058287
2021-03-04 05:00:00+00:00,1002.2158387668214
2021-03-05 05:00:00+00:00,1004.0971884279144
2021-03-08 05:00:00+00:00,1003.5786430782267
2021-03-09 05:00:00+00:00,1005.0581974954644
2021-03-10 05:00:00+00:00,1005.7124531324819
2021-03-11 05:00:00+00:00,1006.7848053082232
2021-03-12 05:00:00+00:00,1006.9286974715217
2021-03-15 04:00:00+00:00,1007.5666339687938
2021-03-16 04:00:00+00:00,1007.430923681464
2021-03-17 04:00:00+00:00,1007.7974574489532
2021-03-18 04:00:00+00:00,1006.2282682160339
2021-03-19 04:00:00+00:00,1006.0316444420768
2021-03-22 04:00:00+00:00,1006.8786872045602
2021-03-23 04:00:00+00:00,1006.037078207033
2021-03-24 04:00:00+00:00,1005.4977792657393
2021-03-25 04:00:00+00:00,1006.0915496931704
2021-03-26 04:00:00+00:00,1007.8020257373893
2021-03-29 04:00:00+00:00,1007.7475364063752
2021-03-30 04:00:00+00:00,1007.4615811796406
2021-03-31 04:00:00+00:00,1007.8973619911775
2021-04-01 04:00:00+00:00,1009.0630785618314
2021-04-05 04:00:00+00:00,1010.6291984759575
2021-04-06 04:00:00+00:00,1010.5638237701544
2021-04-07 04:00:00+00:00,1010.6918339931867
2021-04-08 04:00:00+00:00,1011.2175083711174
2021-04-09 04:00:00+00:00,1012.0264433994006
2021-04-12 04:00:00+00:00,1012.0672813997364
2021-04-13 04:00:00+00:00,1012.39957977127
2021-04-14 04:00:00+00:00,1012.0155580246114
2021-04-15 04:00:00+00:00,1013.219418019219
2021-04-16 04:00:00+00:00,1013.597997078483
2021-04-19 04:00:00+00:00,1013.0396487313083
2021-04-20 04:00:00+00:00,1012.2116464522675
2021-04-21 04:00:00+00:00,1013.2738984277946
2021-04-22 04:00:00+00:00,1012.238877734117
2021-04-23 04:00:00+00:00,1013.4563533696493
2021-04-26 04:00:00+00:00,1013.6933244098329
2021-04-27 04:00:00+00:00,1013.6688055492424
2021-04-28 04:00:00+00:00,1013.6361405024367
2021-04-29 04:00:00+00:00,1014.3606424965974
2021-04-30 04:00:00+00:00,1013.6088824532721
2021-05-03 04:00:00+00:00,1013.8540442918627
2021-05-04 04:00:00+00:00,1013.1513219697185
2021-05-05 04:00:00+00:00,1013.1867351275366
2021-05-06 04:00:00+00:00,1014.0909885647313
2021-05-07 04:00:00+00:00,1014.9216943425927
2021-05-10 04:00:00+00:00,1013.7832179762266
2021-05-11 04:00:00+00:00,1012.7672734557449
2021-05-12 04:00:00+00:00,1010.370465608634
2021-05-13 04:00:00+00:00,1011.6968752940027
2021-05-14 04:00:00+00:00,1013.4127851031777
2021-05-17 04:00:00+00:00,1013.1240728429924
2021-05-18 04:00:00+00:00,1012.1489930901616
2021-05-19 04:00:00+00:00,1011.8548381425817
2021-05-20 04:00:00+00:00,1013.0587159820659
2021-05-21 04:00:00+00:00,1012.9661099944133
2021-05-24 04:00:00+00:00,1014.1182376914575
2021-05-25 04:00:00+00:00,1013.8649296666518
2021-05-26 04:00:00+00:00,1014.0909885647313
2021-05-27 04:00:00+00:00,1014.1508938158248
2021-05-28 04:00:00+00:00,1014.3551908867645
2021-06-01 04:00:00+00:00,1014.2543941007049
2021-06-02 04:00:00+00:00,1014.4341633886156
2021-06-03 04:00:00+00:00,1014.0092857967445
2021-06-04 04:00:00+00:00,1015.052443754199
2021-06-07 04:00:00+00:00,1014.9407437484736
2021-06-08 04:00:00+00:00,1014.9652804539409
2021-06-09 04:00:00+00:00,1014.793701964437
2021-06-10 04:00:00+00:00,1015.3275225285829
2021-06-11 04:00:00+00:00,1015.5181682688443
2021-06-14 04:00:00+00:00,1015.7769279034829
2021-06-15 04:00:00+00:00,1015.5645114136432
2021-06-16 04:00:00+00:00,1014.9189908437721
2021-06-17 04:00:00+00:00,1014.8808474198185
2021-06-18 04:00:00+00:00,1013.3303953074378
2021-06-21 04:00:00+00:00,1014.95353852507
2021-06-22 04:00:00+00:00,1015.5683480621344
2021-06-23 04:00:00+00:00,1015.4290152648338
2021-06-24 04:00:00+00:00,1016.1121439123575
2021-06-25 04:00:00+00:00,1016.524753151495
2021-06-28 04:00:00+00:00,1016.7597969449947
2021-06-29 04:00:00+00:00,1016.8226198334293
2021-06-30 04:00:00+00:00,1016.9209986386954
2021-07-01 04:00:00+00:00,1017.5686159815793
2021-07-02 04:00:00+00:00,1018.4676319474615
2021-07-06 04:00:00+00:00,1018.2517713964181
2021-07-07 04:00:00+00:00,1018.6698590127036
2021-07-08 04:00:00+00:00,1017.7025328588004
2021-07-09 04:00:00+00:00,1018.9595081289159
2021-07-12 04:00:00+00:00,1019.3857776211698
2021-07-13 04:00:00+00:00,1018.978611069427
2021-07-14 04:00:00+00:00,1019.1562568170099
2021-07-15 04:00:00+00:00,1018.7491081101437
2021-07-16 04:00:00+00:00,1017.817284338442
2021-07-19 04:00:00+00:00,1016.0766058404025
2021-07-20 04:00:00+00:00,1017.7407744295759
2021-07-21 04:00:00+00:00,1018.6944403303626
2021-07-22 04:00:00+00:00,1018.9431086872254
2021-07-23 04:00:00+00:00,1020.1673029188365
2021-07-26 04:00:00+00:00,1020.4624214897584
2021-07-27 04:00:00+00:00,1019.9131829521408
2021-07-28 04:00:00+00:00,1019.8639846270694
2021-07-29 04:00:00+00:00,1020.3613124183565
2021-07-30 04:00:00+00:00,1019.7765447312224
2021-08-02 04:00:00+00:00,1019.5251461082239
2021-08-03 04:00:00+00:00,1020.4979327943983
2021-08-04 04:00:00+00:00,1019.9049832312955
2021-08-05 04:00:00+00:00,1020.6646396325621
2021-08-06 04:00:00+00:00,1020.8641185867917
2021-08-09 04:00:00+00:00,1020.7657397815256
2021-08-10 04:00:00+00:00,1020.9160293331221
2021-08-11 04:00:00+00:00,1021.2166084363153
2021-08-12 04:00:00+00:00,1021.5800550401348
2021-08-13 04:00:00+00:00,1021.8014028907645
2021-08-16 04:00:00+00:00,1022.0883038959645
2021-08-17 04:00:00+00:00,1021.2876578129102
2021-08-18 04:00:00+00:00,1019.9596420886382
2021-08-19 04:00:00+00:00,1020.1454518673131
2021-08-20 04:00:00+00:00,1021.1018569566737
2021-08-23 04:00:00+00:00,1022.1675976055964
2021-08-24 04:00:00+00:00,1022.3615803378013
2021-08-25 04:00:00+00:00,1022.6184662603862
2021-08-26 04:00:00+00:00,1021.8943211637595
2021-08-27 04:00:00+00:00,1022.9845985181495
2021-08-30 04:00:00+00:00,1023.5256551797985
2021-08-31 04:00:00+00:00,1023.3425756672593
2021-09-01 04:00:00+00:00,1023.4081555891446
2021-09-02 04:00:00+00:00,1023.7879837897779
2021-09-03 04:00:00+00:00,1023.7579330174092
2021-09-07 04:00:00+00:00,1023.315246238588
2021-09-08 04:00:00+00:00,1023.1649477645531
2021-09-09 04:00:00+00:00,1022.6375781233355
2021-09-10 04:00:00+00:00,1021.670216279679
2021-09-13 04:00:00+00:00,1021.9817610596065
2021-09-14 04:00:00+00:00,1021.3232048073035
2021-09-15 04:00:00+00:00,1022.3369633303889
2021-09-16 04:00:00+00:00,1022.1429716757456
2021-09-17 04:00:00+00:00,1020.952682709871
2021-09-20 04:00:00+00:00,1018.9350606478321
2021-09-21 04:00:00+00:00,1018.822655769477
2021-09-22 04:00:00+00:00,1019.9822426249832
2021-09-23 04:00:00+00:00,1021.4406508633273
2021-09-24 04:00:00+00:00,1021.6407722331184
2021-09-27 04:00:00+00:00,1021.2925919213186
2021-09-28 04:00:00+00:00,1018.8473263115195
2021-09-29 04:00:00+00:00,1019.0474566037489
2021-09-30 04:00:00+00:00,1017.5918143212938
2021-10-01 04:00:00+00:00,1018.9898801090651
2021-10-04 04:00:00+00:00,1017.4547656682112
2021-10-05 04:00:00+00:00,1018.677380628234
2021-10-06 04:00:00+00:00,1019.1708003915232
2021-10-07 04:00:00+00:00,1020.2015383147921
2021-10-08 04:00:00+00:00,1019.9822426249832
2021-10-11 04:00:00+00:00,1019.1132506641545
2021-10-12 04:00:00+00:00,1018.8199255033413
2021-10-13 04:00:00+00:00,1019.2475779735399
2021-10-14 04:00:00+00:00,1021.2542254364062
2021-10-15 04:00:00+00:00,1022.1780725482213
2021-10-18 04:00:00+00:00,1022.5399220355758
2021-10-19 04:00:00+00:00,1023.4856826559828
2021-10-20 04:00:00+00:00,1023.97088485355
2021-10-21 04:00:00+00:00,1024.294367855992
2021-10-22 04:00:00+00:00,1024.1655367686315
2021-10-25 04:00:00+00:00,1024.831668171095
2021-10-26 04:00:00+00:00,1024.9440641270119
2021-10-27 04:00:00+00:00,1024.3903197580266
2021-10-28 04:00:00+00:00,1025.5910212094577
2021-10-29 04:00:00+00:00,1025.8459888077966
2021-11-01 04:00:00+00:00,1026.062527464155
2021-11-02 04:00:00+00:00,1026.5724180486413
2021-11-03 04:00:00+00:00,1027.345493797189
2021-11-04 04:00:00+00:00,1027.9458222168087
2021-11-05 04:00:00+00:00,1028.389936585766
2021-11-08 05:00:00+00:00,1028.499575508232
2021-11-09 05:00:00+00:00,1028.0746622266076
2021-11-10 05:00:00+00:00,1027.0439243033386
2021-11-11 05:00:00+00:00,1027.0850567441403
2021-11-12 05:00:00+00:00,1028.0445043849786
2021-11-15 05:00:00+00:00,1028.0883670919159
2021-11-16 05:00:00+00:00,1028.5955541775818
2021-11-17 05:00:00+00:00,1028.2830100845588
2021-11-18 05:00:00+00:00,1028.7188801204793
2021-11-19 05:00:00+00:00,1028.4886276763746
2021-11-22 05:00:00+00:00,1028.1267692665817
2021-11-23 05:00:00+00:00,1028.2967327947438
2021-11-24 05:00:00+00:00,1028.639399039642
2021-11-26 05:00:00+00:00,1025.76921122578
2021-11-29 05:00:00+00:00,1027.312569999671
2021-11-30 05:00:00+00:00,1024.834407359669
2021-12-01 05:00:00+00:00,1023.4472983261936
2021-12-02 05:00:00+00:00,1025.3388374118842
2021-12-03 05:00:00+00:00,1024.2477748829194
2021-12-06 05:00:00+00:00,1025.7198879865716
2021-12-07 05:00:00+00:00,1028.3214033367865
2021-12-08 05:00:00+00:00,1028.6613214706724
2021-12-09 05:00:00+00:00,1027.7923473547203
2021-12-10 05:00:00+00:00,1028.995752304972
2021-12-13 05:00:00+00:00,1027.852636270663
2021-12-14 05:00:00+00:00,1026.9726697106619
2021-12-15 05:00:00+00:00,1028.9573947424979
2021-12-16 05:00:00+00:00,1027.8197303180218
2021-12-17 05:00:00+00:00,1026.4588354084237
2021-12-20 05:00:00+00:00,1025.1135993781331
2021-12-21 05:00:00+00:00,1027.3363839876317
2021-12-22 05:00:00+00:00,1028.6100888296567
2021-12-23 05:00:00+00:00,1029.4106367658892
2021-12-27 05:00:00+00:00,1031.242770257034
2021-12-28 05:00:00+00:00,1031.1354868582928
2021-12-29 05:00:00+00:00,1031.3032822339355
2021-12-30 05:00:00+00:00,1030.9401568378967
2021-12-31 05:00:00+00:00,1030.6100623086359
2022-01-03 05:00:00+00:00,1031.3665690891642
2022-01-04 05:00:00+00:00,1031.3225368558985
2022-01-05 05:00:00+00:00,1028.7999047831515
2022-01-06 05:00:00+00:00,1028.6788629844718
2022-01-07 05:00:00+00:00,1028.1699360233274
2022-01-10 05:00:00+00:00,1028.01039390316
2022-01-11 05:00:00+00:00,1029.176797501567
2022-01-12 05:00:00+00:00,1029.5261466527907
2022-01-13 05:00:00+00:00,1027.7407756610473
2022-01-14 05:00:00+00:00,1027.7930789946652
2022-01-18 05:00:00+00:00,1025.5289924180363
2022-01-19 05:00:00+00:00,1024.2250494324376
2022-01-20 05:00:00+00:00,1022.8495663361343
2022-01-21 05:00:00+00:00,1020.4369568507026
2022-01-24 05:00:00+00:00,1020.9486140779827
2022-01-25 05:00:00+00:00,1019.4713794947164
2022-01-26 05:00:00+00:00,1021.1058592850121
2022-01-27 05:00:00+00:00,1021.1058592850121
2022-01-28 05:00:00+00:00,1021.1058592850121
2022-01-31 05:00:00+00:00,1021.1058592850121
2022-02-01 05:00:00+00:00,1021.1058592850121
2022-02-02 05:00:00+00:00,1021.1058592850121
2022-02-03 05:00:00+00:00,1021.1058592850121
2022-02-04 05:00:00+00:00,1021.1058592850121
2022-02-07 05:00:00+00:00,1021.1058592850121
2022-02-08 05:00:00+00:00,1021.1058592850121
2022-02-09 05:00:00+00:00,1021.1058592850121
2022-02-10 05:00:00+00:00,1021.1058592850121
2022-02-11 05:00:00+00:00,1021.1058592850121
2022-02-14 05:00:00+00:00,1021.1058592850121
2022-02-15 05:00:00+00:00,1021.1058592850121
2022-02-16 05:00:00+00:00,1021.1058592850121
2022-02-17 05:00:00+00:00,1021.1058592850121
2022-02-18 05:00:00+00:00,1021.1058592850121
2022-02-22 05:00:00+00:00,1021.1058592850121
2022-02-23 05:00:00+00:00,1021.1058592850121
2022-02-24 05:00:00+00:00,1021.1058592850121
2022-02-25 05:00:00+00:00,1021.1058592850121
2022-02-28 05:00:00+00:00,1021.1058592850121
2022-03-01 05:00:00+00:00,1021.1058592850121
2022-03-02 05:00:00+00:00,1021.1058592850121
2022-03-03 05:00:00+00:00,1021.1058592850121
2022-03-04 05:00:00+00:00,1021.1058592850121
2022-03-07 05:00:00+00:00,1021.1058592850121
2022-03-08 05:00:00+00:00,1021.1058592850121
2022-03-09 05:00:00+00:00,1021.1058592850121
2022-03-10 05:00:00+00:00,1021.1058592850121
2022-03-11 05:00:00+00:00,1021.1058592850121
2022-03-14 04:00:00+00:00,1021.1058592850121
2022-03-15 04:00:00+00:00,1021.1058592850121
2022-03-16 04:00:00+00:00,1021.1058592850121
2022-03-17 04:00:00+00:00,1021.1058592850121
2022-03-18 04:00:00+00:00,1021.1058592850121
2022-03-21 04:00:00+00:00,1021.1058592850121
2022-03-22 04:00:00+00:00,1021.1058592850121
2022-03-23 04:00:00+00:00,1021.1058592850121
2022-03-24 04:00:00+00:00,1021.1058592850121
2022-03-25 04:00:00+00:00,1021.1058592850121
2022-03-28 04:00:00+00:00,1021.1058592850121
2022-03-29 04:00:00+00:00,1021.1058592850121
2022-03-30 04:00:00+00:00,1021.1058592850121
2022-03-31 04:00:00+00:00,1021.1058592850121
2022-04-01 04:00:00+00:00,1021.1058592850121
2022-04-04 04:00:00+00:00,1021.8612329282834
2022-04-05 04:00:00+00:00,1020.5612559358091
2022-04-06 04:00:00+00:00,1018.9425544183683
2022-04-07 04:00:00+00:00,1018.9425544183683
2022-04-08 04:00:00+00:00,1018.7802689893532
2022-04-11 04:00:00+00:00,1017.040564022015
2022-04-12 04:00:00+00:00,1016.7838327082146
2022-04-13 04:00:00+00:00,1016.7838327082146
2022-04-14 04:00:00+00:00,1016.7838327082146
2022-04-18 04:00:00+00:00,1016.7838327082146
2022-04-19 04:00:00+00:00,1016.7838327082146
2022-04-20 04:00:00+00:00,1016.7838327082146
2022-04-21 04:00:00+00:00,1016.7838327082146
2022-04-22 04:00:00+00:00,1016.7838327082146
2022-04-25 04:00:00+00:00,1016.7838327082146
2022-04-26 04:00:00+00:00,1016.7838327082146
2022-04-27 04:00:00+00:00,1016.7838327082146
2022-04-28 04:00:00+00:00,1016.7838327082146
2022-04-29 04:00:00+00:00,1016.7838327082146
2022-05-02 04:00:00+00:00,1016.7838327082146
2022-05-03 04:00:00+00:00,1016.7838327082146
2022-05-04 04:00:00+00:00,1016.7838327082146
2022-05-05 04:00:00+00:00,1016.7838327082146
2022-05-06 04:00:00+00:00,1016.7838327082146
2022-05-09 04:00:00+00:00,1016.7838327082146
2022-05-10 04:00:00+00:00,1016.7838327082146
2022-05-11 04:00:00+00:00,1016.7838327082146
2022-05-12 04:00:00+00:00,1016.7838327082146
2022-05-13 04:00:00+00:00,1016.7838327082146
2022-05-16 04:00:00+00:00,1016.7838327082146
2022-05-17 04:00:00+00:00,1016.7838327082146
2022-05-18 04:00:00+00:00,1016.7838327082146
2022-05-19 04:00:00+00:00,1016.7838327082146
2022-05-20 04:00:00+00:00,1016.7838327082146
2022-05-23 04:00:00+00:00,1016.7838327082146
2022-05-24 04:00:00+00:00,1016.7838327082146
2022-05-25 04:00:00+00:00,1016.7838327082146
2022-05-26 04:00:00+00:00,1016.7838327082146
2022-05-27 04:00:00+00:00,1016.7838327082146
2022-05-31 04:00:00+00:00,1016.7838327082146
2022-06-01 04:00:00+00:00,1016.7838327082146
2022-06-02 04:00:00+00:00,1016.7838327082146
2022-06-03 04:00:00+00:00,1016.7838327082146
2022-06-06 04:00:00+00:00,1016.7838327082146
2022-06-07 04:00:00+00:00,1016.7838327082146
2022-06-08 04:00:00+00:00,1016.7838327082146
2022-06-09 04:00:00+00:00,1016.7838327082146
2022-06-10 04:00:00+00:00,1016.7838327082146
2022-06-13 04:00:00+00:00,1016.7838327082146
2022-06-14 04:00:00+00:00,1016.7838327082146
2022-06-15 04:00:00+00:00,1016.7838327082146
2022-06-16 04:00:00+00:00,1016.7838327082146
2022-06-17 04:00:00+00:00,1016.7838327082146
2022-06-21 04:00:00+00:00,1016.7838327082146
2022-06-22 04:00:00+00:00,1016.7838327082146
2022-06-23 04:00:00+00:00,1016.7838327082146
2022-06-24 04:00:00+00:00,1016.7838327082146
2022-06-27 04:00:00+00:00,1016.7838327082146
2022-06-28 04:00:00+00:00,1016.7838327082146
2022-06-29 04:00:00+00:00,1016.7838327082146
2022-06-30 04:00:00+00:00,1016.7838327082146
2022-07-01 04:00:00+00:00,1016.7838327082146
2022-07-05 04:00:00+00:00,1016.7838327082146
2022-07-06 04:00:00+00:00,1016.7838327082146
2022-07-07 04:00:00+00:00,1016.7838327082146
2022-07-08 04:00:00+00:00,1016.7838327082146
2022-07-11 04:00:00+00:00,1016.7838327082146
2022-07-12 04:00:00+00:00,1016.7838327082146
2022-07-13 04:00:00+00:00,1016.7838327082146
2022-07-14 04:00:00+00:00,1016.7838327082146
2022-07-15 04:00:00+00:00,1016.7838327082146
2022-07-18 04:00:00+00:00,1016.7838327082146
2022-07-19 04:00:00+00:00,1016.7838327082146
2022-07-20 04:00:00+00:00,1016.7838327082146
2022-07-21 04:00:00+00:00,1016.7838327082146
2022-07-22 04:00:00+00:00,1016.7838327082146
2022-07-25 04:00:00+00:00,1016.7838327082146
2022-07-26 04:00:00+00:00,1016.7838327082146
2022-07-27 04:00:00+00:00,1016.7838327082146
2022-07-28 04:00:00+00:00,1016.7838327082146
2022-07-29 04:00:00+00:00,1016.7838327082146
2022-08-01 04:00:00+00:00,1016.7838327082146
2022-08-02 04:00:00+00:00,1016.7838327082146
2022-08-03 04:00:00+00:00,1016.7838327082146
2022-08-04 04:00:00+00:00,1016.7838327082146
2022-08-05 04:00:00+00:00,1016.7838327082146
2022-08-08 04:00:00+00:00,1016.7838327082146
2022-08-09 04:00:00+00:00,1016.7838327082146
2022-08-10 04:00:00+00:00,1017.0063850406079
2022-08-11 04:00:00+00:00,1017.0063850406079
2022-08-12 04:00:00+00:00,1018.7323422769717
2022-08-15 04:00:00+00:00,1019.1595704022533
2022-08-16 04:00:00+00:00,1019.3634820170272
2022-08-17 04:00:00+00:00,1018.6230949803703
2022-08-18 04:00:00+00:00,1018.9241092248225
2022-08-19 04:00:00+00:00,1017.5283165595669
2022-08-22 04:00:00+00:00,1015.3945595389582
2022-08-23 04:00:00+00:00,1015.151799057212
2022-08-24 04:00:00+00:00,1015.4722338275999
2022-08-25 04:00:00+00:00,1016.889877515196
2022-08-26 04:00:00+00:00,1014.6296844447205
2022-08-29 04:00:00+00:00,1014.6296844447205
2022-08-30 04:00:00+00:00,1014.6296844447205
2022-08-31 04:00:00+00:00,1014.6296844447205
2022-09-01 04:00:00+00:00,1014.6296844447205
2022-09-02 04:00:00+00:00,1014.6296844447205
2022-09-06 04:00:00+00:00,1014.6296844447205
2022-09-07 04:00:00+00:00,1014.6296844447205
2022-09-08 04:00:00+00:00,1014.6296844447205
2022-09-09 04:00:00+00:00,1014.6296844447205
2022-09-12 04:00:00+00:00,1014.6296844447205
2022-09-13 04:00:00+00:00,1014.6296844447205
2022-09-14 04:00:00+00:00,1014.6296844447205
2022-09-15 04:00:00+00:00,1014.6296844447205
2022-09-16 04:00:00+00:00,1014.6296844447205
2022-09-19 04:00:00+00:00,1014.6296844447205
2022-09-20 04:00:00+00:00,1014.6296844447205
2022-09-21 04:00:00+00:00,1014.6296844447205
2022-09-22 04:00:00+00:00,1014.6296844447205
2022-09-23 04:00:00+00:00,1014.6296844447205
2022-09-26 04:00:00+00:00,1014.6296844447205
2022-09-27 04:00:00+00:00,1014.6296844447205
2022-09-28 04:00:00+00:00,1014.6296844447205
2022-09-29 04:00:00+00:00,1014.6296844447205
2022-09-30 04:00:00+00:00,1014.6296844447205
2022-10-03 04:00:00+00:00,1014.6296844447205
2022-10-04 04:00:00+00:00,1014.6296844447205
2022-10-05 04:00:00+00:00,1014.6296844447205
2022-10-06 04:00:00+00:00,1014.6296844447205
2022-10-07 04:00:00+00:00,1014.6296844447205
2022-10-10 04:00:00+00:00,1014.6296844447205
2022-10-11 04:00:00+00:00,1014.6296844447205
2022-10-12 04:00:00+00:00,1014.6296844447205
2022-10-13 04:00:00+00:00,1014.6296844447205
2022-10-14 04:00:00+00:00,1014.6296844447205
2022-10-17 04:00:00+00:00,1014.6296844447205
2022-10-18 04:00:00+00:00,1014.6296844447205
2022-10-19 04:00:00+00:00,1014.6296844447205
2022-10-20 04:00:00+00:00,1014.6296844447205
2022-10-21 04:00:00+00:00,1014.6296844447205
2022-10-24 04:00:00+00:00,1014.6296844447205
2022-10-25 04:00:00+00:00,1014.6296844447205
2022-10-26 04:00:00+00:00,1014.6296844447205
2022-10-27 04:00:00+00:00,1014.6296844447205
2022-10-28 04:00:00+00:00,1014.6296844447205
2022-10-31 04:00:00+00:00,1014.6296844447205
2022-11-01 04:00:00+00:00,1014.6296844447205
2022-11-02 04:00:00+00:00,1014.6296844447205
2022-11-03 04:00:00+00:00,1014.6296844447205
2022-11-04 04:00:00+00:00,1014.6296844447205
2022-11-07 05:00:00+00:00,1014.6296844447205
2022-11-08 05:00:00+00:00,1014.6296844447205
2022-11-09 05:00:00+00:00,1014.6296844447205
2022-11-10 05:00:00+00:00,1014.6296844447205
2022-11-11 05:00:00+00:00,1014.6296844447205
2022-11-14 05:00:00+00:00,1014.6296844447205
2022-11-15 05:00:00+00:00,1014.6296844447205
2022-11-16 05:00:00+00:00,1014.6296844447205
2022-11-17 05:00:00+00:00,1014.6296844447205
2022-11-18 05:00:00+00:00,1014.6296844447205
2022-11-21 05:00:00+00:00,1014.545807158963
2022-11-22 05:00:00+00:00,1015.9107516616964
2022-11-23 05:00:00+00:00,1016.5585262645762
2022-11-25 05:00:00+00:00,1016.5353917516777
2022-11-28 05:00:00+00:00,1014.8851188426222
2022-11-29 05:00:00+00:00,1014.7103201664327
2022-11-30 05:00:00+00:00,1017.9106136814094
2022-12-01 05:00:00+00:00,1017.8335041328955
2022-12-02 05:00:00+00:00,1017.7126804923213
2022-12-05 05:00:00+00:00,1015.8310706960025
2022-12-06 05:00:00+00:00,1014.350445387055
2022-12-07 05:00:00+00:00,1014.1782181280454
2022-12-08 05:00:00+00:00,1014.9699344009545
2022-12-09 05:00:00+00:00,1014.2090668924839
2022-12-12 05:00:00+00:00,1015.666557688533
2022-12-13 05:00:00+00:00,1016.442845458362
2022-12-14 05:00:00+00:00,1015.7822055278604
2022-12-15 05:00:00+00:00,1013.2708457740872
2022-12-16 05:00:00+00:00,1012.4800999386268
2022-12-19 05:00:00+00:00,1012.4800999386268
2022-12-20 05:00:00+00:00,1012.4800999386268
2022-12-21 05:00:00+00:00,1012.4800999386268
2022-12-22 05:00:00+00:00,1012.4800999386268
2022-12-23 05:00:00+00:00,1012.4800999386268
2022-12-27 05:00:00+00:00,1012.4800999386268
2022-12-28 05:00:00+00:00,1012.4800999386268
2022-12-29 05:00:00+00:00,1012.4800999386268
2022-12-30 05:00:00+00:00,1012.4800999386268
2023-01-03 05:00:00+00:00,1012.4800999386268
2023-01-04 05:00:00+00:00,1012.4800999386268
2023-01-05 05:00:00+00:00,1012.4800999386268
2023-01-06 05:00:00+00:00,1012.4800999386268
2023-01-09 05:00:00+00:00,1012.4800999386268
2023-01-10 05:00:00+00:00,1012.4800999386268
2023-01-11 05:00:00+00:00,1012.4800999386268
2023-01-12 05:00:00+00:00,1012.4800999386268
2023-01-13 05:00:00+00:00,1013.6642275629887
2023-01-17 05:00:00+00:00,1013.4764968697668
2023-01-18 05:00:00+00:00,1011.8614646214935
2023-01-19 05:00:00+00:00,1011.1285253196118
2023-01-20 05:00:00+00:00,1012.9904588875252
2023-01-23 05:00:00+00:00,1014.2119888231697
2023-01-24 05:00:00+00:00,1014.1014450589028
2023-01-25 05:00:00+00:00,1014.1399974839668
2023-01-26 05:00:00+00:00,1015.2715444015197
2023-01-27 05:00:00+00:00,1015.5107303114173
2023-01-30 05:00:00+00:00,1014.2017289697889
2023-01-31 05:00:00+00:00,1015.7164608914107
2023-02-01 05:00:00+00:00,1016.8274388549056
2023-02-02 05:00:00+00:00,1018.3653170057547
2023-02-03 05:00:00+00:00,1017.2260546784595
2023-02-06 05:00:00+00:00,1016.5779766758616
2023-02-07 05:00:00+00:00,1017.9564249130547
2023-02-08 05:00:00+00:00,1016.7888700140762
2023-02-09 05:00:00+00:00,1015.8733299456629
2023-02-10 05:00:00+00:00,1016.1176539901338
2023-02-13 05:00:00+00:00,1017.3494766106901
2023-02-14 05:00:00+00:00,1017.300639708597
2023-02-15 05:00:00+00:00,1017.6452476639539
2023-02-16 05:00:00+00:00,1016.1793772680732
2023-02-17 05:00:00+00:00,1015.9170533368309
2023-02-21 05:00:00+00:00,1013.8159584826678
2023-02-22 05:00:00+00:00,1013.6745202479004
2023-02-23 05:00:00+00:00,1014.2197288565602
2023-02-24 05:00:00+00:00,1013.119043577977
2023-02-27 05:00:00+00:00,1013.4662123927378
2023-02-28 05:00:00+00:00,1013.0881737311247
2023-03-01 05:00:00+00:00,1012.6972651094305
2023-03-02 05:00:00+00:00,1013.4867895546785
2023-03-03 05:00:00+00:00,1015.1275370994656
2023-03-06 05:00:00+00:00,1015.1995530623167
2023-03-07 05:00:00+00:00,1013.6050815602187
2023-03-08 05:00:00+00:00,1013.7722432993826
2023-03-09 05:00:00+00:00,1011.8794563003821
2023-03-10 05:00:00+00:00,1010.3350695212018
2023-03-13 04:00:00+00:00,1010.3350695212018
2023-03-14 04:00:00+00:00,1010.3350695212018
2023-03-15 04:00:00+00:00,1010.3350695212018
2023-03-16 04:00:00+00:00,1010.3350695212018
2023-03-17 04:00:00+00:00,1010.3350695212018
2023-03-20 04:00:00+00:00,1010.3350695212018
2023-03-21 04:00:00+00:00,1010.3350695212018
2023-03-22 04:00:00+00:00,1008.5872486963007
2023-03-23 04:00:00+00:00,1009.272153398088
2023-03-24 04:00:00+00:00,1009.272153398088
2023-03-27 04:00:00+00:00,1009.272153398088
2023-03-28 04:00:00+00:00,1009.1581688890783
2023-03-29 04:00:00+00:00,1010.624186922722
2023-03-30 04:00:00+00:00,1011.2233537501303
2023-03-31 04:00:00+00:00,1012.6741072646699
2023-04-03 04:00:00+00:00,1013.0718602622023
2023-04-04 04:00:00+00:00,1012.4905439239426
2023-04-05 04:00:00+00:00,1012.2177119244939
2023-04-06 04:00:00+00:00,1012.6231012348229
2023-04-10 04:00:00+00:00,1012.7301960632254
2023-04-11 04:00:00+00:00,1012.7582364092586
2023-04-12 04:00:00+00:00,1012.332443065693
2023-04-13 04:00:00+00:00,1013.7143562742153
2023-04-14 04:00:00+00:00,1013.4568455392947
2023-04-17 04:00:00+00:00,1013.8341782906122
2023-04-18 04:00:00+00:00,1013.9030348096078
2023-04-19 04:00:00+00:00,1013.8851924269484
2023-04-20 04:00:00+00:00,1013.3089588573972
2023-04-21 04:00:00+00:00,1013.390542564387
2023-04-24 04:00:00+00:00,1013.5001828303886
2023-04-25 04:00:00+00:00,1011.8301731033135
2023-04-26 04:00:00+00:00,1011.3916201457969
2023-04-27 04:00:00+00:00,1013.4440859253438
2023-04-28 04:00:00+00:00,1014.3415553411677
2023-05-01 04:00:00+00:00,1014.2344767257434
2023-05-02 04:00:00+00:00,1013.0438037031909
2023-05-03 04:00:00+00:00,1012.3247986464073
2023-05-04 04:00:00+00:00,1011.5879674199426
2023-05-05 04:00:00+00:00,1013.5001828303886
2023-05-08 04:00:00+00:00,1013.5282150699326
2023-05-09 04:00:00+00:00,1013.0667369610479
2023-05-10 04:00:00+00:00,1013.5562797354332
2023-05-11 04:00:00+00:00,1013.3727001817276
2023-05-12 04:00:00+00:00,1013.2350114632038
2023-05-15 04:00:00+00:00,1013.5970553759498
2023-05-16 04:00:00+00:00,1012.8933715836945
2023-05-17 04:00:00+00:00,1014.1630909821273
2023-05-18 04:00:00+00:00,1015.1829602779036
2023-05-19 04:00:00+00:00,1015.0274372832096
2023-05-22 04:00:00+00:00,1015.0707745743033
2023-05-23 04:00:00+00:00,1013.8724247065082
2023-05-24 04:00:00+00:00,1013.1075450275213
2023-05-25 04:00:00+00:00,1014.0152043002298
2023-05-26 04:00:00+00:00,1015.3843660012903
2023-05-30 04:00:00+00:00,1015.4251740677637
2023-05-31 04:00:00+00:00,1014.8311062220422
2023-06-01 04:00:00+00:00,1015.8433067790652
2023-06-02 04:00:00+00:00,1017.3985934714303
2023-06-05 04:00:00+00:00,1017.1895109028012
2023-06-06 04:00:00+00:00,1017.4266257109743
2023-06-07 04:00:00+00:00,1017.0492848531677
2023-06-08 04:00:00+00:00,1017.7071021297088
2023-06-09 04:00:00+00:00,1017.9034007649195
2023-06-12 04:00:00+00:00,1018.8977670457723
2023-06-13 04:00:00+00:00,1019.6269619594403
2023-06-14 04:00:00+00:00,1019.7595516962773
2023-06-15 04:00:00+00:00,1021.1414486918213
2023-06-16 04:00:00+00:00,1020.7570795079057
2023-06-20 04:00:00+00:00,1020.1735987370381
2023-06-21 04:00:00+00:00,1019.60035646199
2023-06-22 04:00:00+00:00,1020.0021221716607
2023-06-23 04:00:00+00:00,1019.1576367690409
2023-06-26 04:00:00+00:00,1018.7046623672938
2023-06-27 04:00:00+00:00,1019.9151233299064
2023-06-28 04:00:00+00:00,1019.9714391101587
2023-06-29 04:00:00+00:00,1020.4115890460414
2023-06-30 04:00:00+00:00,1021.7346491432018
2023-07-03 04:00:00+00:00,1021.8651636188116
2023-07-05 04:00:00+00:00,1021.696273023479
2023-07-06 04:00:00+00:00,1020.8082557740253
2023-07-07 04:00:00+00:00,1020.5241800741001
2023-07-10 04:00:00+00:00,1020.8082557740253
2023-07-11 04:00:00+00:00,1021.5247964581017
2023-07-12 04:00:00+00:00,1022.4358523497717
2023-07-13 04:00:00+00:00,1023.341768727309
2023-07-14 04:00:00+00:00,1023.2701154695503
2023-07-17 04:00:00+00:00,1023.6693357416223
2023-07-18 04:00:00+00:00,1024.5266375036172
2023-07-19 04:00:00+00:00,1024.7851048042596
2023-07-20 04:00:00+00:00,1024.0122483399311
2023-07-21 04:00:00+00:00,1024.0122483399311
2023-07-24 04:00:00+00:00,1024.5291910477051
2023-07-25 04:00:00+00:00,1024.8465438856663
2023-07-26 04:00:00+00:00,1024.8644349072608
2023-07-27 04:00:00+00:00,1024.0915784429321
2023-07-28 04:00:00+00:00,1025.2252790596099
2023-07-31 04:00:00+00:00,1025.4479156781285
2023-08-01 04:00:00+00:00,1025.1126799250621
2023-08-02 04:00:00+00:00,1023.487653106382
2023-08-03 04:00:00+00:00,1023.1575244414917
2023-08-04 04:00:00+00:00,1022.6380038701619
2023-08-07 04:00:00+00:00,1023.6360667100755
2023-08-08 04:00:00+00:00,1023.1344939057644
2023-08-09 04:00:00+00:00,1022.366752636101
2023-08-10 04:00:00+00:00,1022.407690406401
2023-08-11 04:00:00+00:00,1022.3411523433075
2023-08-14 04:00:00+00:00,1022.9706941856296
2023-08-15 04:00:00+00:00,1021.6348339420723
2023-08-16 04:00:00+00:00,1020.8031486858492
2023-08-17 04:00:00+00:00,1019.945830710876
2023-08-18 04:00:00+00:00,1019.9995686275727
2023-08-21 04:00:00+00:00,1020.7263559139578
2023-08-22 04:00:00+00:00,1020.421827541861
2023-08-23 04:00:00+00:00,1021.6706808371746
2023-08-24 04:00:00+00:00,1020.0993838287022
2023-08-25 04:00:00+00:00,1020.8875777705373
2023-08-28 04:00:00+00:00,1021.6015811235039
2023-08-29 04:00:00+00:00,1023.2394080885807
2023-08-30 04:00:00+00:00,1023.7128432689885
2023-08-31 04:00:00+00:00,1023.5439445671668
2023-09-01 04:00:00+00:00,1023.7589124469321
2023-09-05 04:00:00+00:00,1023.2598607607524
2023-09-06 04:00:00+00:00,1022.4870286158913
2023-09-07 04:00:00+00:00,1022.13643917234
2023-09-08 04:00:00+00:00,1022.3078914182499
2023-09-11 04:00:00+00:00,1023.0577092403622
2023-09-12 04:00:00+00:00,1022.4281673980402
2023-09-13 04:00:00+00:00,1022.561235417738
2023-09-14 04:00:00+00:00,1023.5464981112548
2023-09-15 04:00:00+00:00,1022.1578970491686
2023-09-18 04:00:00+00:00,1022.2246864134263
2023-09-19 04:00:00+00:00,1021.9884065736375
2023-09-20 04:00:00+00:00,1020.9431801797427
2023-09-21 04:00:00+00:00,1019.0812736410754
2023-09-22 04:00:00+00:00,1018.8321774419114
2023-09-25 04:00:00+00:00,1019.2970116373117
2023-09-26 04:00:00+00:00,1017.6662454243005
2023-09-27 04:00:00+00:00,1017.7098907619827
2023-09-28 04:00:00+00:00,1018.344215432914
2023-09-29 04:00:00+00:00,1018.0771309342856
2023-10-02 04:00:00+00:00,1017.7796012877365
2023-10-03 04:00:00+00:00,1017.7796012877365
2023-10-04 04:00:00+00:00,1017.7796012877365
2023-10-05 04:00:00+00:00,1017.7796012877365
2023-10-06 04:00:00+00:00,1017.7796012877365
2023-10-09 04:00:00+00:00,1017.7796012877365
2023-10-10 04:00:00+00:00,1017.7796012877365
2023-10-11 04:00:00+00:00,1017.7796012877365
2023-10-12 04:00:00+00:00,1017.7796012877365
2023-10-13 04:00:00+00:00,1017.7796012877365
2023-10-16 04:00:00+00:00,1017.7796012877365
2023-10-17 04:00:00+00:00,1017.7796012877365
2023-10-18 04:00:00+00:00,1017.7796012877365
2023-10-19 04:00:00+00:00,1017.7796012877365
2023-10-20 04:00:00+00:00,1017.7796012877365
2023-10-23 04:00:00+00:00,1017.7796012877365
2023-10-24 04:00:00+00:00,1017.7796012877365
2023-10-25 04:00:00+00:00,1017.7796012877365
2023-10-26 04:00:00+00:00,1017.7796012877365
2023-10-27 04:00:00+00:00,1017.7796012877365
2023-10-30 04:00:00+00:00,1017.7796012877365
2023-10-31 04:00:00+00:00,1017.7796012877365
2023-11-01 04:00:00+00:00,1017.7796012877365
2023-11-02 04:00:00+00:00,1017.7796012877365
2023-11-03 04:00:00+00:00,1017.7796012877365
2023-11-06 05:00:00+00:00,1017.7796012877365
2023-11-07 05:00:00+00:00,1017.7796012877365
2023-11-08 05:00:00+00:00,1017.7796012877365
2023-11-09 05:00:00+00:00,1017.7796012877365
2023-11-10 05:00:00+00:00,1017.7796012877365
2023-11-13 05:00:00+00:00,1017.7796012877365
2023-11-14 05:00:00+00:00,1017.7796012877365
2023-11-15 05:00:00+00:00,1017.7796012877365
2023-11-16 05:00:00+00:00,1017.9371488589227
2023-11-17 05:00:00+00:00,1018.0639875437131
2023-11-20 05:00:00+00:00,1018.8500027047504
2023-11-21 05:00:00+00:00,1018.6257630072639
2023-11-22 05:00:00+00:00,1019.0221526666994
2023-11-24 05:00:00+00:00,1019.0856041853211
2023-11-27 05:00:00+00:00,1018.8998472547066
2023-11-28 05:00:00+00:00,1019.0017672396552
2023-11-29 05:00:00+00:00,1018.9292849268011
2023-11-30 05:00:00+00:00,1019.3347625826494
2023-12-01 05:00:00+00:00,1019.9463682956115
2023-12-04 05:00:00+00:00,1019.4004664371248
2023-12-05 05:00:00+00:00,1019.3800667095355
2023-12-06 05:00:00+00:00,1018.9632630219656
2023-12-07 05:00:00+00:00,1019.7493067840932
2023-12-08 05:00:00+00:00,1020.1955481437575
2023-12-11 05:00:00+00:00,1020.6010043487883
2023-12-12 05:00:00+00:00,1021.0789714677634
2023-12-13 05:00:00+00:00,1022.5286963778452
2023-12-14 05:00:00+00:00,1022.8707582664347
2023-12-15 05:00:00+00:00,1022.6947185562176
2023-12-18 05:00:00+00:00,1023.2951412429092
2023-12-19 05:00:00+00:00,1023.9478967744049
2023-12-20 05:00:00+00:00,1022.4513590299285
2023-12-21 05:00:00+00:00,1023.4611777218267
2023-12-22 05:00:00+00:00,1023.6772518080594
2023-12-26 05:00:00+00:00,1024.1321092461483
2023-12-27 05:00:00+00:00,1024.3277264026112
2023-12-28 05:00:00+00:00,1024.3686617129683
2023-12-29 05:00:00+00:00,1024.0548004993218
2024-01-02 05:00:00+00:00,1023.4498159387424
2024-01-03 05:00:00+00:00,1022.5718983246012
2024-01-04 05:00:00+00:00,1022.2284564334093
2024-01-05 05:00:00+00:00,1022.3740145317394
2024-01-08 05:00:00+00:00,1023.8933187440196
2024-01-09 05:00:00+00:00,1023.7295632020459
2024-01-10 05:00:00+00:00,1024.3391024862406
2024-01-11 05:00:00+00:00,1024.2913458158694
2024-01-12 05:00:00+00:00,1024.366387926297
2024-01-16 05:00:00+00:00,1023.9683608544472
2024-01-17 05:00:00+00:00,1023.3679381677556
2024-01-18 05:00:00+00:00,1024.3231788292685
2024-01-19 05:00:00+00:00,1025.6741656256872
2024-01-22 05:00:00+00:00,1025.9061490683468
2024-01-23 05:00:00+00:00,1026.22683879228
2024-01-24 05:00:00+00:00,1026.3473852372251
2024-01-25 05:00:00+00:00,1026.9478150741893
2024-01-26 05:00:00+00:00,1026.8068260000193
2024-01-29 05:00:00+00:00,1027.6847293136157
2024-01-30 05:00:00+00:00,1027.5982968190135
2024-01-31 05:00:00+00:00,1025.7765146269887
2024-02-01 05:00:00+00:00,1027.2139267677371
2024-02-02 05:00:00+00:00,1028.38523436521
2024-02-05 05:00:00+00:00,1027.9758383600033
2024-02-06 05:00:00+00:00,1028.3010971080969
2024-02-07 05:00:00+00:00,1029.2381403259662
2024-02-08 05:00:00+00:00,1029.2881779332813
2024-02-09 05:00:00+00:00,1029.9432072514485
2024-02-12 05:00:00+00:00,1029.8931553435882
2024-02-13 05:00:00+00:00,1028.3238135239928
2024-02-14 05:00:00+00:00,1029.345029750338
2024-02-15 05:00:00+00:00,1030.1274268734644
2024-02-16 05:00:00+00:00,1029.5588228996269
2024-02-20 05:00:00+00:00,1028.9333599584602
2024-02-21 05:00:00+00:00,1029.0357161100344
2024-02-22 05:00:00+00:00,1031.376057518309
2024-02-23 05:00:00+00:00,1031.4556686528967
2024-02-26 05:00:00+00:00,1031.0326227773894
2024-02-27 05:00:00+00:00,1031.2464230769508
2024-02-28 05:00:00+00:00,1031.094036468334
2024-02-29 05:00:00+00:00,1031.5079657463382
2024-03-01 05:00:00+00:00,1032.5928551497543
2024-03-04 05:00:00+00:00,1032.4677611314664
2024-03-05 05:00:00+00:00,1031.3032748940075
2024-03-06 05:00:00+00:00,1031.8877953745446
2024-03-07 05:00:00+00:00,1033.0386388919753
2024-03-08 05:00:00+00:00,1032.335852903437
2024-03-11 04:00:00+00:00,1032.2357776888066
2024-03-12 04:00:00+00:00,1033.4867178716852
2024-03-13 04:00:00+00:00,1033.302469648579
2024-03-14 04:00:00+00:00,1033.070479055647
2024-03-15 04:00:00+00:00,1032.2662807515112
2024-03-18 04:00:00+00:00,1032.957547650969
2024-03-19 04:00:00+00:00,1033.607764835709
2024-03-20 04:00:00+00:00,1034.6960363180417
2024-03-21 04:00:00+00:00,1035.0884289751211
2024-03-22 04:00:00+00:00,1034.862573316038
2024-03-25 04:00:00+00:00,1034.534054043661
2024-03-26 04:00:00+00:00,1034.3150197445918
2024-03-27 04:00:00+00:00,1035.3097370608614
2024-03-28 04:00:00+00:00,1035.2869276914223
2024-04-01 04:00:00+00:00,1035.0793052273455
2024-04-02 04:00:00+00:00,1034.3218768559689
2024-04-03 04:00:00+00:00,1034.4518974120447
2024-04-04 04:00:00+00:00,1033.005468777609
2024-04-05 04:00:00+00:00,1034.2283226899056
2024-04-08 04:00:00+00:00,1034.2944841618241
2024-04-09 04:00:00+00:00,1034.4313832800945
2024-04-10 04:00:00+00:00,1033.2450100583555
2024-04-11 04:00:00+00:00,1034.130228100772
2024-04-12 04:00:00+00:00,1032.4989863716985
2024-04-15 04:00:00+00:00,1031.0388506647819
2024-04-16 04:00:00+00:00,1030.8289615643062
2024-04-17 04:00:00+00:00,1030.1490850490227
2024-04-18 04:00:00+00:00,1029.9140841913463
2024-04-19 04:00:00+00:00,1028.919381175622
2024-04-22 04:00:00+00:00,1029.9597243810424
2024-04-23 04:00:00+00:00,1031.3126203002323
2024-04-24 04:00:00+00:00,1031.257863513033
2024-04-25 04:00:00+00:00,1030.8198092154403
2024-04-26 04:00:00+00:00,1031.9080806977731
2024-04-29 04:00:00+00:00,1032.3187423012214
2024-04-30 04:00:00+00:00,1030.4753305347283
2024-05-01 04:00:00+00:00,1030.1034448593268
2024-05-02 04:00:00+00:00,1031.1711664583468
2024-05-03 04:00:00+00:00,1032.5993690480486
2024-05-06 04:00:00+00:00,1033.8039897653389
2024-05-07 04:00:00+00:00,1033.934038922505
2024-05-08 04:00:00+00:00,1033.9454150061342
2024-05-09 04:00:00+00:00,1034.6252772208725
2024-05-10 04:00:00+00:00,1034.778178649113
2024-05-13 04:00:00+00:00,1034.794102306085
2024-05-14 04:00:00+00:00,1035.33941069195
2024-05-15 04:00:00+00:00,1036.8178010446907
2024-05-16 04:00:00+00:00,1036.5690716637155
2024-05-17 04:00:00+00:00,1036.7424657730885
2024-05-20 04:00:00+00:00,1036.8816672791204
2024-05-21 04:00:00+00:00,1037.17824628401
2024-05-22 04:00:00+00:00,1036.8291985791377
2024-05-23 04:00:00+00:00,1035.9462543233926
2024-05-24 04:00:00+00:00,1036.7402205875073
2024-05-28 04:00:00+00:00,1036.8246224047048
2024-05-29 04:00:00+00:00,1035.9782017411526
2024-05-30 04:00:00+00:00,1035.1819831411844
2024-05-31 04:00:00+00:00,1036.267945085483
2024-06-03 04:00:00+00:00,1036.366046824889
2024-06-04 04:00:00+00:00,1036.500657855943
2024-06-05 04:00:00+00:00,1037.9334008687151
2024-06-06 04:00:00+00:00,1037.9311127814988
2024-06-07 04:00:00+00:00,1037.7828447298716
2024-06-10 04:00:00+00:00,1038.1592779786158
2024-06-11 04:00:00+00:00,1038.4535974973792
2024-06-12 04:00:00+00:00,1039.4597123480958
2024-06-13 04:00:00+00:00,1039.7083702263453
2024-06-14 04:00:00+00:00,1039.7837054979477
2024-06-17 04:00:00+00:00,1040.7692704653512
2024-06-18 04:00:00+00:00,1041.0863993535538
2024-06-20 04:00:00+00:00,1040.7464467953669
2024-06-21 04:00:00+00:00,1040.5791161171176
2024-06-24 04:00:00+00:00,1040.1740102754418
2024-06-25 04:00:00+00:00,1040.6523778096798
2024-06-26 04:00:00+00:00,1040.8080392431252
2024-06-27 04:00:00+00:00,1041.0048433448317
2024-06-28 04:00:00+00:00,1040.5127329867498
2024-07-01 04:00:00+00:00,1040.7691131593551
2024-07-02 04:00:00+00:00,1041.609127178701
2024-07-03 04:00:00+00:00,1042.169865852732
2024-07-05 04:00:00+00:00,1042.8977063962907
2024-07-08 04:00:00+00:00,1043.04421548087
2024-07-09 04:00:00+00:00,1043.1678007916496
2024-07-10 04:00:00+00:00,1044.4266491759702
2024-07-11 04:00:00+00:00,1043.3188431490266
2024-07-12 04:00:00+00:00,1044.122233472364
2024-07-15 04:00:00+00:00,1044.4747133080612
2024-07-16 04:00:00+00:00,1045.2368608593215
2024-07-17 04:00:00+00:00,1043.4241380626195
2024-07-18 04:00:00+00:00,1042.4445221219787
2024-07-19 04:00:00+00:00,1041.6045081026327
2024-07-22 04:00:00+00:00,1042.899994483507
2024-07-23 04:00:00+00:00,1042.700902294584
2024-07-24 04:00:00+00:00,1039.8283947013942
2024-07-25 04:00:00+00:00,1039.1829538987188
2024-07-26 04:00:00+00:00,1040.5631281076926
2024-07-29 04:00:00+00:00,1040.6363468986194
2024-07-30 04:00:00+00:00,1040.0046346192428
2024-07-31 04:00:00+00:00,1042.021068680936
2024-08-01 04:00:00+00:00,1040.2358029308316
2024-08-02 04:00:00+00:00,1037.9218174271818
2024-08-05 04:00:00+00:00,1034.3695906247046
2024-08-06 04:00:00+00:00,1035.4613371394976
2024-08-07 04:00:00+00:00,1034.6625515916833
2024-08-08 04:00:00+00:00,1037.4068547980253
2024-08-09 04:00:00+00:00,1037.94241021213
2024-08-12 04:00:00+00:00,1038.0065195558263
2024-08-13 04:00:00+00:00,1040.0138012686539
2024-08-14 04:00:00+00:00,1040.4051785870306
2024-08-15 04:00:00+00:00,1042.538347998399
2024-08-16 04:00:00+00:00,1042.8221709170568
2024-08-19 04:00:00+00:00,1044.035257557048
2024-08-20 04:00:00+00:00,1043.826970117624
2024-08-21 04:00:00+00:00,1044.2663972675466
2024-08-22 04:00:00+00:00,1043.2593385808534
2024-08-23 04:00:00+00:00,1044.6120414426846
2024-08-26 04:00:00+00:00,1044.305337651862
2024-08-27 04:00:00+00:00,1044.4815489686202
2024-08-28 04:00:00+00:00,1043.735418027875
2024-08-29 04:00:00+00:00,1043.7468584639573
2024-08-30 04:00:00+00:00,1044.9667807645078
2024-09-03 04:00:00+00:00,1042.3117701617884
2024-09-04 04:00:00+00:00,1042.053144803602
2024-09-05 04:00:00+00:00,1041.7464410127793
2024-09-06 04:00:00+00:00,1039.6292739113812
2024-09-09 04:00:00+00:00,1041.0140242947878
2024-09-10 04:00:00+00:00,1041.5587463583036
2024-09-11 04:00:00+00:00,1042.847325575893
2024-09-12 04:00:00+00:00,1043.9162341201563
2024-09-13 04:00:00+00:00,1044.5845700955417
2024-09-16 04:00:00+00:00,1044.7745242361439
2024-09-17 04:00:00+00:00,1044.827193143758
2024-09-18 04:00:00+00:00,1044.4449395731567
2024-09-19 04:00:00+00:00,1046.6376135526984
2024-09-20 04:00:00+00:00,1046.4117221422525
2024-09-23 04:00:00+00:00,1046.737731668964
2024-09-24 04:00:00+00:00,1047.1119483332175
2024-09-25 04:00:00+00:00,1046.8226483057852
2024-09-26 04:00:00+00:00,1047.3415292843
2024-09-27 04:00:00+00:00,1047.1509602202582
2024-09-30 04:00:00+00:00,1047.6767197609674
2024-10-01 04:00:00+00:00,1046.496653079619
2024-10-02 04:00:00+00:00,1046.5517673804457
2024-10-03 04:00:00+00:00,1046.3130197799521
2024-10-04 04:00:00+00:00,1047.4976626357336
2024-10-07 04:00:00+00:00,1046.308415004429
2024-10-08 04:00:00+00:00,1047.5412649977525
2024-10-09 04:00:00+00:00,1048.4527245404327
2024-10-10 04:00:00+00:00,1048.2208412015887
2024-10-11 04:00:00+00:00,1049.0129197937497
2024-10-14 04:00:00+00:00,1050.1011483744471
2024-10-15 04:00:00+00:00,1049.058810242985
2024-10-16 04:00:00+00:00,1049.6373959973043
2024-10-17 04:00:00+00:00,1049.6488364333866
2024-10-18 04:00:00+00:00,1050.1631269369232
2024-10-21 04:00:00+00:00,1049.942741236342
2024-10-22 04:00:00+00:00,1049.8715531228197
2024-10-23 04:00:00+00:00,1048.647855478362
2024-10-24 04:00:00+00:00,1048.9348388174876
2024-10-25 04:00:00+00:00,1048.8889054666172
2024-10-28 04:00:00+00:00,1049.2998888323302
2024-10-29 04:00:00+00:00,1049.5157126590236
2024-10-30 04:00:00+00:00,1049.111636456595
2024-10-31 04:00:00+00:00,1046.501257855142
2024-11-01 04:00:00+00:00,1047.0522578579578
2024-11-04 05:00:00+00:00,1046.7698506932652
2024-11-05 05:00:00+00:00,1048.3517197903707
2024-11-06 05:00:00+00:00,1051.6439483823315
2024-11-07 05:00:00+00:00,1052.6931221743528
2024-11-08 05:00:00+00:00,1053.285450752516
2024-11-11 05:00:00+00:00,1053.4163436418432
2024-11-12 05:00:00+00:00,1052.9893150645246
2024-11-13 05:00:00+00:00,1053.0558841019788
2024-11-14 05:00:00+00:00,1052.1742840974734
2024-11-15 05:00:00+00:00,1050.4294459883752
2024-11-18 05:00:00+00:00,1050.980445991191
2024-11-19 05:00:00+00:00,1051.4740579065087
2024-11-20 05:00:00+00:00,1051.519948355744
2024-11-21 05:00:00+00:00,1052.2477316971222
2024-11-22 05:00:00+00:00,1052.6701984005529
2024-11-25 05:00:00+00:00,1053.1339221766054
2024-11-26 05:00:00+00:00,1053.8502364808112
2024-11-27 05:00:00+00:00,1053.4324031539938
2024-11-29 05:00:00+00:00,1054.2864317075407
2024-12-02 05:00:00+00:00,1054.5343888590803
2024-12-03 05:00:00+00:00,1054.598669809318
2024-12-04 05:00:00+00:00,1055.4596055261495
2024-12-05 05:00:00+00:00,1055.230010274522
2024-12-06 05:00:00+00:00,1055.4940698398475
2024-12-09 05:00:00+00:00,1054.7754531478804
2024-12-10 05:00:00+00:00,1054.3438483961288
2024-12-11 05:00:00+00:00,1055.413686475824
2024-12-12 05:00:00+00:00,1054.6951269860372
2024-12-13 05:00:00+00:00,1054.667569835624
2024-12-16 05:00:00+00:00,1055.2598555121517
2024-12-17 05:00:00+00:00,1054.6859174349909
2024-12-18 05:00:00+00:00,1050.551115026111
2024-12-19 05:00:00+00:00,1050.5097864507634
2024-12-20 05:00:00+00:00,1052.1259768561158
2024-12-23 05:00:00+00:00,1052.941422538975
2024-12-24 05:00:00+00:00,1054.4640873793544
2024-12-26 05:00:00+00:00,1054.4732969304007
2024-12-27 05:00:00+00:00,1053.0151561495256
2024-12-30 05:00:00+00:00,1051.4510197283478
2024-12-31 05:00:00+00:00,1050.95807993865
2025-01-02 05:00:00+00:00,1050.6263501938972
2025-01-03 05:00:00+00:00,1052.3102536803121
2025-01-06 05:00:00+00:00,1053.0957540217257
2025-01-07 05:00:00+00:00,1051.5454748287527
2025-01-08 05:00:00+00:00,1051.7435659795185
2025-01-10 05:00:00+00:00,1049.6703730543118
2025-01-13 05:00:00+00:00,1049.8777023572138
2025-01-14 05:00:00+00:00,1050.0619791814102
2025-01-15 05:00:00+00:00,1052.5014805694284
2025-01-16 05:00:00+00:00,1052.2388367580681
2025-01-17 05:00:00+00:00,1053.6071701156966
2025-01-21 05:00:00+00:00,1054.8672054452607
2025-01-22 05:00:00+00:00,1055.6481296122415
2025-01-23 05:00:00+00:00,1056.4105917754941
2025-01-24 05:00:00+00:00,1056.0005665463032
2025-01-27 05:00:00+00:00,1054.0194977326494
2025-01-28 05:00:00+00:00,1055.205842353298
2025-01-29 05:00:00+00:00,1054.5815663573749
2025-01-30 05:00:00+00:00,1055.32562371908
2025-01-31 05:00:00+00:00,1054.5838830456814
2025-02-03 05:00:00+00:00,1053.6509440842567
2025-02-04 05:00:00+00:00,1054.5746877951804
2025-02-05 05:00:00+00:00,1055.1367135182704
2025-02-06 05:00:00+00:00,1055.6204866585574
2025-02-07 05:00:00+00:00,1054.3420036258105
2025-02-10 05:00:00+00:00,1055.2818640510652
2025-02-11 05:00:00+00:00,1055.3878310902778
2025-02-12 05:00:00+00:00,1054.9386080669597
2025-02-13 05:00:00+00:00,1056.405986999971
2025-02-14 05:00:00+00:00,1056.3990941372315
2025-02-18 05:00:00+00:00,1056.8114217541843
2025-02-19 05:00:00+00:00,1057.1431371983917
2025-02-20 05:00:00+00:00,1056.555728007744
2025-02-21 05:00:00+00:00,1054.1508196383295
2025-02-24 05:00:00+00:00,1053.5219531674284
2025-02-25 05:00:00+00:00,1052.8377578875238
2025-02-26 05:00:00+00:00,1052.9069010230965
2025-02-27 05:00:00+00:00,1050.720790993757
2025-02-28 05:00:00+00:00,1052.8239578614996
2025-03-03 05:00:00+00:00,1050.4259423548249
2025-03-04 05:00:00+00:00,1048.8341915810533
2025-03-05 05:00:00+00:00,1050.2623870204827
2025-03-06 05:00:00+00:00,1047.8782144414677
2025-03-07 05:00:00+00:00,1048.6176384265596
2025-03-10 04:00:00+00:00,1046.607264140683
2025-03-11 04:00:00+00:00,1046.607264140683
2025-03-12 04:00:00+00:00,1046.607264140683
2025-03-13 04:00:00+00:00,1046.607264140683
2025-03-14 04:00:00+00:00,1046.607264140683
2025-03-17 04:00:00+00:00,1046.607264140683
2025-03-18 04:00:00+00:00,1046.607264140683
2025-03-19 04:00:00+00:00,1046.607264140683
2025-03-20 04:00:00+00:00,1046.607264140683
2025-03-21 04:00:00+00:00,1046.607264140683
2025-03-24 04:00:00+00:00,1046.607264140683
2025-03-25 04:00:00+00:00,1046.607264140683
2025-03-26 04:00:00+00:00,1046.607264140683
2025-03-27 04:00:00+00:00,1046.607264140683
2025-03-28 04:00:00+00:00,1046.607264140683
2025-03-31 04:00:00+00:00,1046.607264140683
2025-04-01 04:00:00+00:00,1046.607264140683
2025-04-02 04:00:00+00:00,1046.607264140683
2025-04-03 04:00:00+00:00,1046.607264140683
2025-04-04 04:00:00+00:00,1046.607264140683
2025-04-07 04:00:00+00:00,1046.607264140683
2025-04-08 04:00:00+00:00,1046.607264140683
2025-04-09 04:00:00+00:00,1046.607264140683
2025-04-10 04:00:00+00:00,1046.607264140683
2025-04-11 04:00:00+00:00,1046.607264140683
2025-04-14 04:00:00+00:00,1046.607264140683
2025-04-15 04:00:00+00:00,1046.607264140683
2025-04-16 04:00:00+00:00,1046.607264140683
2025-04-17 04:00:00+00:00,1046.607264140683
2025-04-21 04:00:00+00:00,1046.607264140683
2025-04-22 04:00:00+00:00,1046.607264140683
2025-04-23 04:00:00+00:00,1046.607264140683
2025-04-24 04:00:00+00:00,1046.607264140683
2025-04-25 04:00:00+00:00,1046.607264140683
2025-04-28 04:00:00+00:00,1046.607264140683
2025-04-29 04:00:00+00:00,1046.607264140683
2025-04-30 04:00:00+00:00,1046.607264140683
2025-05-01 04:00:00+00:00,1046.607264140683
2025-05-02 04:00:00+00:00,1046.607264140683
2025-05-05 04:00:00+00:00,1046.607264140683
2025-05-06 04:00:00+00:00,1046.607264140683
2025-05-07 04:00:00+00:00,1046.607264140683
2025-05-08 04:00:00+00:00,1046.607264140683
2025-05-09 04:00:00+00:00,1046.607264140683
2025-05-12 04:00:00+00:00,1046.607264140683
2025-05-13 04:00:00+00:00,1046.607264140683
2025-05-14 04:00:00+00:00,1046.607264140683
2025-05-15 04:00:00+00:00,1046.607264140683
2025-05-16 04:00:00+00:00,1046.607264140683
2025-05-19 04:00:00+00:00,1047.7350237890294
2025-05-20 04:00:00+00:00,1047.3791597233264
2025-05-21 04:00:00+00:00,1045.6016564886675
2025-05-22 04:00:00+00:00,1045.6425796448273
2025-05-23 04:00:00+00:00,1044.3899322476257
2025-05-27 04:00:00+00:00,1045.2219185802549
2025-05-28 04:00:00+00:00,1044.6125982859692
2025-05-29 04:00:00+00:00,1045.0259392069845
2025-05-30 04:00:00+00:00,1044.9083537885072
2025-06-02 04:00:00+00:00,1045.4998647935834
2025-06-03 04:00:00+00:00,1046.1020834270323
2025-06-04 04:00:00+00:00,1046.0735444546026
2025-06-05 04:00:00+00:00,1045.560438431743
2025-06-06 04:00:00+00:00,1046.6454817826836
2025-06-09 04:00:00+00:00,1046.7416739992623
2025-06-10 04:00:00+00:00,1047.3474544905532
2025-06-11 04:00:00+00:00,1047.0409913596422
2025-06-12 04:00:00+00:00,1047.4668263516635
2025-06-13 04:00:00+00:00,1046.2641865548217
2025-06-16 04:00:00+00:00,1047.2761842514444
2025-06-17 04:00:00+00:00,1046.3586254110385
2025-06-18 04:00:00+00:00,1046.3425915370383
2025-06-20 04:00:00+00:00,1046.0925998426856
2025-06-23 04:00:00+00:00,1047.1415283811425
2025-06-24 04:00:00+00:00,1048.3262706693856
2025-06-25 04:00:00+00:00,1048.3870207463237
2025-06-26 04:00:00+00:00,1049.2358015453676
2025-06-27 04:00:00+00:00,1049.779034489664
2025-06-30 04:00:00+00:00,1050.3044030076326
2025-07-01 04:00:00+00:00,1050.2686631275533
2025-07-02 04:00:00+00:00,1050.7690104212393
2025-07-03 04:00:00+00:00,1051.6428124445656
2025-07-07 04:00:00+00:00,1050.8100986017932
2025-07-08 04:00:00+00:00,1050.749348524855
2025-07-09 04:00:00+00:00,1051.4140926504515
2025-07-10 04:00:00+00:00,1051.7285837457864
2025-07-11 04:00:00+00:00,1051.335456092338
2025-07-14 04:00:00+00:00,1051.548108930181
2025-07-15 04:00:00+00:00,1051.0709964181447
2025-07-16 04:00:00+00:00,1051.442675732576
2025-07-17 04:00:00+00:00,1052.1252732570765
2025-07-18 04:00:00+00:00,1052.043085868545
2025-07-21 04:00:00+00:00,1052.255727678964
2025-07-22 04:00:00+00:00,1052.271805662659
2025-07-23 04:00:00+00:00,1053.2278281567878
2025-07-24 04:00:00+00:00,1053.2653324246526
2025-07-25 04:00:00+00:00,1053.7442424067451
2025-07-28 04:00:00+00:00,1053.715648297197
2025-07-29 04:00:00+00:00,1053.415459770348
2025-07-30 04:00:00+00:00,1053.2724892226074
2025-07-31 04:00:00+00:00,1052.847205601769
2025-08-01 04:00:00+00:00,1050.9959437727207
2025-08-04 04:00:00+00:00,1052.6845841850677
2025-08-05 04:00:00+00:00,1052.112768158647
2025-08-06 04:00:00+00:00,1052.9722896683347
2025-08-07 04:00:00+00:00,1052.8775751265264
2025-08-08 04:00:00+00:00,1053.7585339478076
2025-08-11 04:00:00+00:00,1053.5333760115352
2025-08-12 04:00:00+00:00,1054.7431395240608
2025-08-13 04:00:00+00:00,1055.136267177509
2025-08-14 04:00:00+00:00,1055.1469858333057
2025-08-15 04:00:00+00:00,1054.877166831214
2025-08-18 04:00:00+00:00,1054.8521345795077
2025-08-19 04:00:00+00:00,1054.2285006893126
2025-08-20 04:00:00+00:00,1053.9247172223506
2025-08-21 04:00:00+00:00,1053.4672776341224
2025-08-22 04:00:00+00:00,1055.2113087955095
2025-08-25 04:00:00+00:00,1054.7038267587159
2025-08-26 04:00:00+00:00,1055.184501128594
2025-08-27 04:00:00+00:00,1055.447196415002
2025-08-28 04:00:00+00:00,1055.8563910247217
2025-08-29 04:00:00+00:00,1055.1648612870572
2025-09-02 04:00:00+00:00,1054.3106991052678
2025-09-03 04:00:00+00:00,1054.930771137621
2025-09-04 04:00:00+00:00,1055.8921309048008
2025-09-05 04:00:00+00:00,1055.556191470449
2025-09-08 04:00:00+00:00,1055.8403130410265
2025-09-09 04:00:00+00:00,1056.1083566279092
2025-09-10 04:00:00+00:00,1056.4442960622612
2025-09-11 04:00:00+00:00,1057.412834682243
2025-09-12 04:00:00+00:00,1057.3734888346273
2025-09-15 04:00:00+00:00,1057.9989201948788
2025-09-16 04:00:00+00:00,1057.836320833025
2025-09-17 04:00:00+00:00,1057.6897884274424
2025-09-18 04:00:00+00:00,1058.24016714227
2025-09-19 04:00:00+00:00,1058.8262967646003
2025-09-22 04:00:00+00:00,1059.3889490019603
2025-09-23 04:00:00+00:00,1058.7385074448498
2025-09-24 04:00:00+00:00,1058.3603991424254
2025-09-25 04:00:00+00:00,1057.8138800258785
2025-09-26 04:00:00+00:00,1058.4894199992373
2025-09-29 04:00:00+00:00,1058.822712851911
2025-09-30 04:00:00+00:00,1059.2706798832162
2025-10-01 04:00:00+00:00,1059.6774484597306
2025-10-02 04:00:00+00:00,1059.8154015297064
2025-10-03 04:00:00+00:00,1059.813637141921
2025-10-06 04:00:00+00:00,1060.2436735823565
2025-10-07 04:00:00+00:00,1059.797492993684
2025-10-08 04:00:00+00:00,1060.5124560066242
2025-10-09 04:00:00+00:00,1060.1630410605608
2025-10-10 04:00:00+00:00,1056.912553553099
2025-10-13 04:00:00+00:00,1058.708027645856
2025-10-14 04:00:00+00:00,1058.5628846956545
2025-10-15 04:00:00+00:00,1059.0896978061223
2025-10-16 04:00:00+00:00,1058.2779691505734
2025-10-17 04:00:00+00:00,1058.9499362386664
2025-10-20 04:00:00+00:00,1060.1881284493852
2025-10-21 04:00:00+00:00,1060.186330979329
2025-10-22 04:00:00+00:00,1059.5609657836192
2025-10-23 04:00:00+00:00,1060.2705584412374
2025-10-24 04:00:00+00:00,1061.2543038784452
2025-10-27 04:00:00+00:00,1062.6860273743819
2025-10-28 04:00:00+00:00,1063.0121413742536
2025-10-29 04:00:00+00:00,1063.0712814473375
2025-10-30 04:00:00+00:00,1061.7166175879308
2025-10-31 04:00:00+00:00,1062.1161962842198
2025-11-03 05:00:00+00:00,1062.3455556689062
2025-11-04 05:00:00+00:00,1060.8941261668906
2025-11-05 05:00:00+00:00,1061.3134329241054
2025-11-06 05:00:00+00:00,1060.0107302849808
2025-11-07 05:00:00+00:00,1060.1289883763013
2025-11-10 05:00:00+00:00,1062.0050949908539
2025-11-11 05:00:00+00:00,1062.284640180613
2025-11-12 05:00:00+00:00,1062.3527345217083
2025-11-13 05:00:00+00:00,1060.3207332188863
2025-11-14 05:00:00+00:00,1060.3010051579602
2025-11-17 05:00:00+00:00,1059.1792956233528
2025-11-18 05:00:00+00:00,1058.1776306226989
2025-11-19 05:00:00+00:00,1058.6345629494388
2025-11-20 05:00:00+00:00,1056.8247642333486
2025-11-21 05:00:00+00:00,1057.9894807202268
2025-11-24 05:00:00+00:00,1059.727612209956
2025-11-25 05:00:00+00:00,1060.8547251821565
2025-11-26 05:00:00+00:00,1061.6897327290499
2025-11-28 05:00:00+00:00,1062.354520964341
2025-12-01 05:00:00+00:00,1061.79545263967
2025-12-02 05:00:00+00:00,1062.0212281116671
2025-12-03 05:00:00+00:00,1062.4441187815714
2025-12-04 05:00:00+00:00,1062.5337055713783
2025-12-05 05:00:00+00:00,1062.766648868754
2025-12-08 05:00:00+00:00,1062.397516889188
2025-12-09 05:00:00+00:00,1062.2918080059915
2025-12-10 05:00:00+00:00,1063.1035366615404
2025-12-11 05:00:00+00:00,1063.3902276218307
2025-12-12 05:00:00+00:00,1062.062448621305
2025-12-15 05:00:00+00:00,1061.7925094152647
