timestamp,equity,fold
2020-12-23 05:00:00+00:00,999.7372567722169,1
2020-12-24 05:00:00+00:00,1000.1254452975858,1
2020-12-28 05:00:00+00:00,1000.9860501663637,1
2020-12-29 05:00:00+00:00,1000.7932987306513,1
2020-12-30 05:00:00+00:00,1000.937173049073,1
2020-12-31 05:00:00+00:00,1001.4502846338044,1
2021-01-04 05:00:00+00:00,1000.0684487613948,1
2021-01-05 05:00:00+00:00,1000.7579837196552,1
2021-01-06 05:00:00+00:00,1001.3606765854379,1
2021-01-07 05:00:00+00:00,1002.8673909050183,1
2021-01-08 05:00:00+00:00,1003.4537824759326,1
2021-01-11 05:00:00+00:00,1002.7560834865805,1
2021-01-12 05:00:00+00:00,1002.7777917790902,1
2021-01-13 05:00:00+00:00,1003.054717498213,1
2021-01-14 05:00:00+00:00,1002.6936353405567,1
2021-01-15 05:00:00+00:00,1001.9443735799699,1
2021-01-19 05:00:00+00:00,1002.7452159566681,1
2021-01-20 05:00:00+00:00,1004.1677559928382,1
2021-01-21 05:00:00+00:00,1004.2627888837225,1
2021-01-22 05:00:00+00:00,1003.8935783847278,1
2021-01-25 05:00:00+00:00,1004.3035198147982,1
2021-01-26 05:00:00+00:00,1004.1406228578106,1
2021-01-27 05:00:00+00:00,1001.5941232624726,1
2021-01-28 05:00:00+00:00,1002.4683170048604,1
2021-01-29 05:00:00+00:00,1000.4159420454414,1
2021-02-01 05:00:00+00:00,1002.0882211310766,1
2021-02-02 05:00:00+00:00,1003.5325051495099,1
2021-02-03 05:00:00+00:00,1003.6139402443462,1
2021-02-04 05:00:00+00:00,1004.7921571511308,1
2021-02-05 05:00:00+00:00,1005.2048199248984,1
2021-02-08 05:00:00+00:00,1005.9649492153976,1
2021-02-09 05:00:00+00:00,1005.8943816504737,1
2021-02-10 05:00:00+00:00,1005.8482169544419,1
2021-02-11 05:00:00+00:00,1006.0192333303295,1
2021-02-12 05:00:00+00:00,1006.5431946000966,1
2021-02-16 05:00:00+00:00,1006.450891975348,1
2021-02-17 05:00:00+00:00,1006.475321611555,1
2021-02-18 05:00:00+00:00,1006.0219635964652,1
2021-02-19 05:00:00+00:00,1005.8346459257089,1
2021-02-22 05:00:00+00:00,1005.0202057529627,1
2021-02-23 05:00:00+00:00,1005.1477876989542,1
2021-02-24 05:00:00+00:00,1006.3070265793647,1
2021-02-25 05:00:00+00:00,1003.7442613789116,1
2021-02-26 05:00:00+00:00,1003.2094325792319,1
2021-03-01 05:00:00+00:00,1005.7124531324819,1
2021-03-02 05:00:00+00:00,1004.8871811195768,1
2021-03-03 05:00:00+00:00,1003.4972169058287,1
2021-03-04 05:00:00+00:00,1002.2158387668214,1
2021-03-05 05:00:00+00:00,1004.0971884279144,1
2021-03-08 05:00:00+00:00,1003.5786430782267,1
2021-03-09 05:00:00+00:00,1005.0581974954644,1
2021-03-10 05:00:00+00:00,1005.7124531324819,1
2021-03-11 05:00:00+00:00,1006.7848053082232,1
2021-03-12 05:00:00+00:00,1006.9286974715217,1
2021-03-15 04:00:00+00:00,1007.5666339687938,1
2021-03-16 04:00:00+00:00,1007.430923681464,1
2021-03-17 04:00:00+00:00,1007.7974574489532,1
2021-03-18 04:00:00+00:00,1006.2282682160339,1
2021-03-19 04:00:00+00:00,1006.0316444420768,1
2021-03-22 04:00:00+00:00,1006.8786872045602,1
2021-03-23 04:00:00+00:00,1006.037078207033,1
2021-03-24 04:00:00+00:00,1005.4977792657393,1
2021-03-25 04:00:00+00:00,1006.0915496931704,1
2021-03-26 04:00:00+00:00,1007.8020257373893,1
2021-03-29 04:00:00+00:00,1007.7475364063752,1
2021-03-30 04:00:00+00:00,1007.4615811796406,1
2021-03-31 04:00:00+00:00,1007.8973619911775,1
2021-04-01 04:00:00+00:00,1009.0630785618314,1
2021-04-05 04:00:00+00:00,1010.6291984759575,1
2021-04-06 04:00:00+00:00,1010.5638237701544,1
2021-04-07 04:00:00+00:00,1010.6918339931867,1
2021-04-08 04:00:00+00:00,1011.2175083711174,1
2021-04-09 04:00:00+00:00,1012.0264433994006,1
2021-04-12 04:00:00+00:00,1012.0672813997364,1
2021-04-13 04:00:00+00:00,1012.39957977127,1
2021-04-14 04:00:00+00:00,1012.0155580246114,1
2021-04-15 04:00:00+00:00,1013.219418019219,1
2021-04-16 04:00:00+00:00,1013.597997078483,1
2021-04-19 04:00:00+00:00,1013.0396487313083,1
2021-04-20 04:00:00+00:00,1012.2116464522675,1
2021-04-21 04:00:00+00:00,1013.2738984277946,1
2021-04-22 04:00:00+00:00,1012.238877734117,1
2021-04-23 04:00:00+00:00,1013.4563533696493,1
2021-04-26 04:00:00+00:00,1013.6933244098329,1
2021-04-27 04:00:00+00:00,1013.6688055492424,1
2021-04-28 04:00:00+00:00,1013.6361405024367,1
2021-04-29 04:00:00+00:00,1014.3606424965974,1
2021-04-30 04:00:00+00:00,1013.6088824532721,1
2021-05-03 04:00:00+00:00,1013.8540442918627,1
2021-05-04 04:00:00+00:00,1013.1513219697185,1
2021-05-05 04:00:00+00:00,1013.1867351275366,1
2021-05-06 04:00:00+00:00,1014.0909885647313,1
2021-05-07 04:00:00+00:00,1014.9216943425927,1
2021-05-10 04:00:00+00:00,1013.7832179762266,1
2021-05-11 04:00:00+00:00,1012.7672734557449,1
2021-05-12 04:00:00+00:00,1010.370465608634,1
2021-05-13 04:00:00+00:00,1011.6968752940027,1
2021-05-14 04:00:00+00:00,1013.4127851031777,1
2021-05-17 04:00:00+00:00,1013.1240728429924,1
2021-05-18 04:00:00+00:00,1012.1489930901616,1
2021-05-19 04:00:00+00:00,1011.8548381425817,1
2021-05-20 04:00:00+00:00,1013.0587159820659,1
2021-05-21 04:00:00+00:00,1012.9661099944133,1
2021-05-24 04:00:00+00:00,1014.1182376914575,1
2021-05-25 04:00:00+00:00,1013.8649296666518,1
2021-05-26 04:00:00+00:00,1014.0909885647313,1
2021-05-27 04:00:00+00:00,1014.1508938158248,1
2021-05-28 04:00:00+00:00,1014.3551908867645,1
2021-06-01 04:00:00+00:00,1014.2543941007049,1
2021-06-02 04:00:00+00:00,1014.4341633886156,1
2021-06-03 04:00:00+00:00,1014.0092857967445,1
2021-06-04 04:00:00+00:00,1015.052443754199,1
2021-06-07 04:00:00+00:00,1014.9407437484736,1
2021-06-08 04:00:00+00:00,1014.9652804539409,1
2021-06-09 04:00:00+00:00,1014.793701964437,1
2021-06-10 04:00:00+00:00,1015.3275225285829,1
2021-06-11 04:00:00+00:00,1015.5181682688443,1
2021-06-14 04:00:00+00:00,1015.7769279034829,1
2021-06-15 04:00:00+00:00,1015.5645114136432,1
2021-06-16 04:00:00+00:00,1014.9189908437721,1
2021-06-17 04:00:00+00:00,1014.8808474198185,1
2021-06-18 04:00:00+00:00,1013.3303953074378,1
2021-06-21 04:00:00+00:00,1014.95353852507,1
2021-06-22 04:00:00+00:00,1015.5683480621344,1
2021-06-23 04:00:00+00:00,1015.4290152648338,1
2021-06-24 04:00:00+00:00,1016.1121439123575,1
2021-06-25 04:00:00+00:00,1016.524753151495,1
2021-06-28 04:00:00+00:00,1016.7597969449947,1
2021-06-29 04:00:00+00:00,1016.8226198334293,1
2021-06-30 04:00:00+00:00,1016.9209986386954,1
2021-07-01 04:00:00+00:00,1017.5686159815793,1
2021-07-02 04:00:00+00:00,1018.4676319474615,1
2021-07-06 04:00:00+00:00,1018.2517713964181,1
2021-07-07 04:00:00+00:00,1018.6698590127036,1
2021-07-08 04:00:00+00:00,1017.7025328588004,1
2021-07-09 04:00:00+00:00,1018.9595081289159,1
2021-07-12 04:00:00+00:00,1019.3857776211698,1
2021-07-13 04:00:00+00:00,1018.978611069427,1
2021-07-14 04:00:00+00:00,1019.1562568170099,1
2021-07-15 04:00:00+00:00,1018.7491081101437,1
2021-07-16 04:00:00+00:00,1017.817284338442,1
2021-07-19 04:00:00+00:00,1016.0766058404025,1
2021-07-20 04:00:00+00:00,1017.7407744295759,1
2021-07-21 04:00:00+00:00,1018.6944403303626,1
2021-07-22 04:00:00+00:00,1018.9431086872254,1
2021-07-23 04:00:00+00:00,1020.1673029188365,1
2021-07-26 04:00:00+00:00,1020.4624214897584,1
2021-07-27 04:00:00+00:00,1019.9131829521408,1
2021-07-28 04:00:00+00:00,1019.8639846270694,1
2021-07-29 04:00:00+00:00,1020.3613124183565,1
2021-07-30 04:00:00+00:00,1019.7765447312224,1
2021-08-02 04:00:00+00:00,1019.5251461082239,1
2021-08-03 04:00:00+00:00,1020.4979327943983,1
2021-08-04 04:00:00+00:00,1019.9049832312955,1
2021-08-05 04:00:00+00:00,1020.6646396325621,1
2021-08-06 04:00:00+00:00,1020.8641185867917,1
2021-08-09 04:00:00+00:00,1020.7657397815256,1
2021-08-10 04:00:00+00:00,1020.9160293331221,1
2021-08-11 04:00:00+00:00,1021.2166084363153,1
2021-08-12 04:00:00+00:00,1021.5800550401348,1
2021-08-13 04:00:00+00:00,1021.8014028907645,1
2021-08-16 04:00:00+00:00,1022.0883038959645,1
2021-08-17 04:00:00+00:00,1021.2876578129102,1
2021-08-18 04:00:00+00:00,1019.9596420886382,1
2021-08-19 04:00:00+00:00,1020.1454518673131,1
2021-08-20 04:00:00+00:00,1021.1018569566737,1
2021-08-23 04:00:00+00:00,1022.1675976055964,1
2021-08-24 04:00:00+00:00,1022.3615803378013,1
2021-08-25 04:00:00+00:00,1022.6184662603862,1
2021-08-26 04:00:00+00:00,1021.8943211637595,1
2021-08-27 04:00:00+00:00,1022.9845985181495,1
2021-08-30 04:00:00+00:00,1023.5256551797985,1
2021-08-31 04:00:00+00:00,1023.3425756672593,1
2021-09-01 04:00:00+00:00,1023.4081555891446,1
2021-09-02 04:00:00+00:00,1023.7879837897779,1
2021-09-03 04:00:00+00:00,1023.7579330174092,1
2021-09-07 04:00:00+00:00,1023.315246238588,1
2021-09-08 04:00:00+00:00,1023.1649477645531,1
2021-09-09 04:00:00+00:00,1022.6375781233355,1
2021-09-10 04:00:00+00:00,1021.670216279679,1
2021-09-13 04:00:00+00:00,1021.9817610596065,1
2021-09-14 04:00:00+00:00,1021.3232048073035,1
2021-09-15 04:00:00+00:00,1022.3369633303889,1
2021-09-16 04:00:00+00:00,1022.1429716757456,1
2021-09-17 04:00:00+00:00,1020.952682709871,1
2021-09-20 04:00:00+00:00,1018.9350606478321,1
2021-09-21 04:00:00+00:00,1018.822655769477,1
2021-09-22 04:00:00+00:00,1019.9822426249832,1
2021-09-23 04:00:00+00:00,1021.4406508633273,1
2021-09-24 04:00:00+00:00,1021.6407722331184,1
2021-09-27 04:00:00+00:00,1021.2925919213186,1
2021-09-28 04:00:00+00:00,1018.8473263115195,1
2021-09-29 04:00:00+00:00,1019.0474566037489,1
2021-09-30 04:00:00+00:00,1017.5918143212938,1
2021-10-01 04:00:00+00:00,1018.9898801090651,1
2021-10-04 04:00:00+00:00,1017.4547656682112,1
2021-10-05 04:00:00+00:00,1018.677380628234,1
2021-10-06 04:00:00+00:00,1019.1708003915232,1
2021-10-07 04:00:00+00:00,1020.2015383147921,1
2021-10-08 04:00:00+00:00,1019.9822426249832,1
2021-10-11 04:00:00+00:00,1019.1132506641545,1
2021-10-12 04:00:00+00:00,1018.8199255033413,1
2021-10-13 04:00:00+00:00,1019.2475779735399,1
2021-10-14 04:00:00+00:00,1021.2542254364062,1
2021-10-15 04:00:00+00:00,1022.1780725482213,1
2021-10-18 04:00:00+00:00,1022.5399220355758,1
2021-10-19 04:00:00+00:00,1023.4856826559828,1
2021-10-20 04:00:00+00:00,1023.97088485355,1
2021-10-21 04:00:00+00:00,1024.294367855992,1
2021-10-22 04:00:00+00:00,1024.1655367686315,1
2021-10-25 04:00:00+00:00,1024.831668171095,1
2021-10-26 04:00:00+00:00,1024.9440641270119,1
2021-10-27 04:00:00+00:00,1024.3903197580266,1
2021-10-28 04:00:00+00:00,1025.5910212094577,1
2021-10-29 04:00:00+00:00,1025.8459888077966,1
2021-11-01 04:00:00+00:00,1026.062527464155,1
2021-11-02 04:00:00+00:00,1026.5724180486413,1
2021-11-03 04:00:00+00:00,1027.345493797189,1
2021-11-04 04:00:00+00:00,1027.9458222168087,1
2021-11-05 04:00:00+00:00,1028.389936585766,1
2021-11-08 05:00:00+00:00,1028.499575508232,1
2021-11-09 05:00:00+00:00,1028.0746622266076,1
2021-11-10 05:00:00+00:00,1027.0439243033386,1
2021-11-11 05:00:00+00:00,1027.0850567441403,1
2021-11-12 05:00:00+00:00,1028.0445043849786,1
2021-11-15 05:00:00+00:00,1028.0883670919159,1
2021-11-16 05:00:00+00:00,1028.5955541775818,1
2021-11-17 05:00:00+00:00,1028.2830100845588,1
2021-11-18 05:00:00+00:00,1028.7188801204793,1
2021-11-19 05:00:00+00:00,1028.4886276763746,1
2021-11-22 05:00:00+00:00,1028.1267692665817,1
2021-11-23 05:00:00+00:00,1028.2967327947438,1
2021-11-24 05:00:00+00:00,1028.639399039642,1
2021-11-26 05:00:00+00:00,1025.76921122578,1
2021-11-29 05:00:00+00:00,1027.312569999671,1
2021-11-30 05:00:00+00:00,1024.834407359669,1
2021-12-01 05:00:00+00:00,1023.4472983261936,1
2021-12-02 05:00:00+00:00,1025.3388374118842,1
2021-12-03 05:00:00+00:00,1024.2477748829194,1
2021-12-06 05:00:00+00:00,1025.7198879865716,1
2021-12-07 05:00:00+00:00,1028.3214033367865,1
2021-12-08 05:00:00+00:00,1028.6613214706724,1
2021-12-09 05:00:00+00:00,1027.7923473547203,1
2021-12-10 05:00:00+00:00,1028.995752304972,1
2021-12-13 05:00:00+00:00,1027.852636270663,1
2021-12-14 05:00:00+00:00,1026.9726697106619,1
2021-12-15 05:00:00+00:00,1028.9573947424979,1
2021-12-16 05:00:00+00:00,1027.8197303180218,1
2021-12-17 05:00:00+00:00,1026.4588354084237,1
2021-12-20 05:00:00+00:00,1025.0259973749282,1
2021-12-21 05:00:00+00:00,1025.0259973749282,2
2021-12-22 05:00:00+00:00,1026.0393242486603,2
2021-12-23 05:00:00+00:00,1026.6837392439577,2
2021-12-27 05:00:00+00:00,1028.1585469870606,2
2021-12-28 05:00:00+00:00,1028.0721873479106,2
2021-12-29 05:00:00+00:00,1028.2072571561155,2
2021-12-30 05:00:00+00:00,1027.914953048154,2
2021-12-31 05:00:00+00:00,1027.6492377113282,2
2022-01-03 05:00:00+00:00,1028.2582010117783,2
2022-01-04 05:00:00+00:00,1028.2227564992031,2
2022-01-05 05:00:00+00:00,1026.1921199042888,2
2022-01-06 05:00:00+00:00,1026.094685201635,2
2022-01-07 05:00:00+00:00,1025.6850155860761,2
2022-01-10 05:00:00+00:00,1025.5565893795192,2
2022-01-11 05:00:00+00:00,1026.495506258026,2
2022-01-12 05:00:00+00:00,1026.7767209379394,2
2022-01-13 05:00:00+00:00,1025.33955548266,2
2022-01-14 05:00:00+00:00,1025.3816579614272,2
2022-01-18 05:00:00+00:00,1023.559142063756,2
2022-01-19 05:00:00+00:00,1022.8543873421445,2
2022-01-20 05:00:00+00:00,1022.8543873421445,2
2022-01-21 05:00:00+00:00,1022.8543873421445,2
2022-01-24 05:00:00+00:00,1022.8543873421445,2
2022-01-25 05:00:00+00:00,1022.8543873421445,2
2022-01-26 05:00:00+00:00,1022.8543873421445,2
2022-01-27 05:00:00+00:00,1022.8543873421445,2
2022-01-28 05:00:00+00:00,1022.8543873421445,2
2022-01-31 05:00:00+00:00,1022.8543873421445,2
2022-02-01 05:00:00+00:00,1022.8543873421445,2
2022-02-02 05:00:00+00:00,1022.8543873421445,2
2022-02-03 05:00:00+00:00,1022.8543873421445,2
2022-02-04 05:00:00+00:00,1022.8543873421445,2
2022-02-07 05:00:00+00:00,1022.8543873421445,2
2022-02-08 05:00:00+00:00,1022.8543873421445,2
2022-02-09 05:00:00+00:00,1022.8543873421445,2
2022-02-10 05:00:00+00:00,1022.8543873421445,2
2022-02-11 05:00:00+00:00,1022.8543873421445,2
2022-02-14 05:00:00+00:00,1022.8543873421445,2
2022-02-15 05:00:00+00:00,1022.8543873421445,2
2022-02-16 05:00:00+00:00,1022.8543873421445,2
2022-02-17 05:00:00+00:00,1022.8543873421445,2
2022-02-18 05:00:00+00:00,1022.8543873421445,2
2022-02-22 05:00:00+00:00,1022.8543873421445,2
2022-02-23 05:00:00+00:00,1022.8543873421445,2
2022-02-24 05:00:00+00:00,1022.8543873421445,2
2022-02-25 05:00:00+00:00,1022.8543873421445,2
2022-02-28 05:00:00+00:00,1022.8543873421445,2
2022-03-01 05:00:00+00:00,1022.8543873421445,2
2022-03-02 05:00:00+00:00,1022.8543873421445,2
2022-03-03 05:00:00+00:00,1022.8543873421445,2
2022-03-04 05:00:00+00:00,1022.8543873421445,2
2022-03-07 05:00:00+00:00,1022.8543873421445,2
2022-03-08 05:00:00+00:00,1022.8543873421445,2
2022-03-09 05:00:00+00:00,1022.8543873421445,2
2022-03-10 05:00:00+00:00,1022.8543873421445,2
2022-03-11 05:00:00+00:00,1022.8543873421445,2
2022-03-14 04:00:00+00:00,1022.8543873421445,2
2022-03-15 04:00:00+00:00,1022.8543873421445,2
2022-03-16 04:00:00+00:00,1022.8543873421445,2
2022-03-17 04:00:00+00:00,1022.8543873421445,2
2022-03-18 04:00:00+00:00,1022.8543873421445,2
2022-03-21 04:00:00+00:00,1022.8543873421445,2
2022-03-22 04:00:00+00:00,1022.8543873421445,2
2022-03-23 04:00:00+00:00,1022.8543873421445,2
2022-03-24 04:00:00+00:00,1022.8543873421445,2
2022-03-25 04:00:00+00:00,1022.8543873421445,2
2022-03-28 04:00:00+00:00,1022.8543873421445,2
2022-03-29 04:00:00+00:00,1022.8543873421445,2
2022-03-30 04:00:00+00:00,1022.8543873421445,2
2022-03-31 04:00:00+00:00,1022.8543873421445,2
2022-04-01 04:00:00+00:00,1022.8543873421445,2
2022-04-04 04:00:00+00:00,1023.6110544771697,2
2022-04-05 04:00:00+00:00,1022.3088514214285,2
2022-04-06 04:00:00+00:00,1020.6873780610944,2
2022-04-07 04:00:00+00:00,1020.6873780610944,2
2022-04-08 04:00:00+00:00,1020.5248147366746,2
2022-04-11 04:00:00+00:00,1018.7821307217491,2
2022-04-12 04:00:00+00:00,1018.5249597846704,2
2022-04-13 04:00:00+00:00,1018.5249597846704,2
2022-04-14 04:00:00+00:00,1018.5249597846704,2
2022-04-18 04:00:00+00:00,1018.5249597846704,2
2022-04-19 04:00:00+00:00,1018.5249597846704,2
2022-04-20 04:00:00+00:00,1018.5249597846704,2
2022-04-21 04:00:00+00:00,1018.5249597846704,2
2022-04-22 04:00:00+00:00,1018.5249597846704,2
2022-04-25 04:00:00+00:00,1018.5249597846704,2
2022-04-26 04:00:00+00:00,1018.5249597846704,2
2022-04-27 04:00:00+00:00,1018.5249597846704,2
2022-04-28 04:00:00+00:00,1018.5249597846704,2
2022-04-29 04:00:00+00:00,1018.5249597846704,2
2022-05-02 04:00:00+00:00,1018.5249597846704,2
2022-05-03 04:00:00+00:00,1018.5249597846704,2
2022-05-04 04:00:00+00:00,1018.5249597846704,2
2022-05-05 04:00:00+00:00,1018.5249597846704,2
2022-05-06 04:00:00+00:00,1018.5249597846704,2
2022-05-09 04:00:00+00:00,1018.5249597846704,2
2022-05-10 04:00:00+00:00,1018.5249597846704,2
2022-05-11 04:00:00+00:00,1018.5249597846704,2
2022-05-12 04:00:00+00:00,1018.5249597846704,2
2022-05-13 04:00:00+00:00,1018.5249597846704,2
2022-05-16 04:00:00+00:00,1018.5249597846704,2
2022-05-17 04:00:00+00:00,1018.5249597846704,2
2022-05-18 04:00:00+00:00,1018.5249597846704,2
2022-05-19 04:00:00+00:00,1018.5249597846704,2
2022-05-20 04:00:00+00:00,1018.5249597846704,2
2022-05-23 04:00:00+00:00,1018.5249597846704,2
2022-05-24 04:00:00+00:00,1018.5249597846704,2
2022-05-25 04:00:00+00:00,1018.5249597846704,2
2022-05-26 04:00:00+00:00,1018.5249597846704,2
2022-05-27 04:00:00+00:00,1018.5249597846704,2
2022-05-31 04:00:00+00:00,1018.5249597846704,2
2022-06-01 04:00:00+00:00,1018.5249597846704,2
2022-06-02 04:00:00+00:00,1018.5249597846704,2
2022-06-03 04:00:00+00:00,1018.5249597846704,2
2022-06-06 04:00:00+00:00,1018.5249597846704,2
2022-06-07 04:00:00+00:00,1018.5249597846704,2
2022-06-08 04:00:00+00:00,1018.5249597846704,2
2022-06-09 04:00:00+00:00,1018.5249597846704,2
2022-06-10 04:00:00+00:00,1018.5249597846704,2
2022-06-13 04:00:00+00:00,1018.5249597846704,2
2022-06-14 04:00:00+00:00,1018.5249597846704,2
2022-06-15 04:00:00+00:00,1018.5249597846704,2
2022-06-16 04:00:00+00:00,1018.5249597846704,2
2022-06-17 04:00:00+00:00,1018.5249597846704,2
2022-06-21 04:00:00+00:00,1018.5249597846704,2
2022-06-22 04:00:00+00:00,1018.5249597846704,2
2022-06-23 04:00:00+00:00,1018.5249597846704,2
2022-06-24 04:00:00+00:00,1018.5249597846704,2
2022-06-27 04:00:00+00:00,1018.5249597846704,2
2022-06-28 04:00:00+00:00,1018.5249597846704,2
2022-06-29 04:00:00+00:00,1018.5249597846704,2
2022-06-30 04:00:00+00:00,1018.5249597846704,2
2022-07-01 04:00:00+00:00,1018.5249597846704,2
2022-07-05 04:00:00+00:00,1018.5249597846704,2
2022-07-06 04:00:00+00:00,1018.5249597846704,2
2022-07-07 04:00:00+00:00,1018.5249597846704,2
2022-07-08 04:00:00+00:00,1018.5249597846704,2
2022-07-11 04:00:00+00:00,1018.5249597846704,2
2022-07-12 04:00:00+00:00,1018.5249597846704,2
2022-07-13 04:00:00+00:00,1018.5249597846704,2
2022-07-14 04:00:00+00:00,1018.5249597846704,2
2022-07-15 04:00:00+00:00,1018.5249597846704,2
2022-07-18 04:00:00+00:00,1018.5249597846704,2
2022-07-19 04:00:00+00:00,1018.5249597846704,2
2022-07-20 04:00:00+00:00,1018.5249597846704,2
2022-07-21 04:00:00+00:00,1018.5249597846704,2
2022-07-22 04:00:00+00:00,1018.5249597846704,2
2022-07-25 04:00:00+00:00,1018.5249597846704,2
2022-07-26 04:00:00+00:00,1018.5249597846704,2
2022-07-27 04:00:00+00:00,1018.5249597846704,2
2022-07-28 04:00:00+00:00,1018.5249597846704,2
2022-07-29 04:00:00+00:00,1018.5249597846704,2
2022-08-01 04:00:00+00:00,1018.5249597846704,2
2022-08-02 04:00:00+00:00,1018.5249597846704,2
2022-08-03 04:00:00+00:00,1018.5249597846704,2
2022-08-04 04:00:00+00:00,1018.5249597846704,2
2022-08-05 04:00:00+00:00,1018.5249597846704,2
2022-08-08 04:00:00+00:00,1018.5249597846704,2
2022-08-09 04:00:00+00:00,1018.5249597846704,2
2022-08-10 04:00:00+00:00,1018.74789321271,2
2022-08-11 04:00:00+00:00,1018.74789321271,2
2022-08-12 04:00:00+00:00,1020.4768059552299,2
2022-08-15 04:00:00+00:00,1020.9047656602562,2
2022-08-16 04:00:00+00:00,1021.10902645056,2
2022-08-17 04:00:00+00:00,1020.3673715850146,2
2022-08-18 04:00:00+00:00,1020.668901282245,2
2022-08-19 04:00:00+00:00,1019.2707184802421,2
2022-08-22 04:00:00+00:00,1017.1333076425647,2
2022-08-23 04:00:00+00:00,1016.8901314610067,2
2022-08-24 04:00:00+00:00,1017.2111149396225,2
2022-08-25 04:00:00+00:00,1018.6311861813651,2
2022-08-26 04:00:00+00:00,1016.3671227864152,2
2022-08-29 04:00:00+00:00,1016.3671227864152,2
2022-08-30 04:00:00+00:00,1016.3671227864152,2
2022-08-31 04:00:00+00:00,1016.3671227864152,2
2022-09-01 04:00:00+00:00,1016.3671227864152,2
2022-09-02 04:00:00+00:00,1016.3671227864152,2
2022-09-06 04:00:00+00:00,1016.3671227864152,2
2022-09-07 04:00:00+00:00,1016.3671227864152,2
2022-09-08 04:00:00+00:00,1016.3671227864152,2
2022-09-09 04:00:00+00:00,1016.3671227864152,2
2022-09-12 04:00:00+00:00,1016.3671227864152,2
2022-09-13 04:00:00+00:00,1016.3671227864152,2
2022-09-14 04:00:00+00:00,1016.3671227864152,2
2022-09-15 04:00:00+00:00,1016.3671227864152,2
2022-09-16 04:00:00+00:00,1016.3671227864152,2
2022-09-19 04:00:00+00:00,1016.3671227864152,2
2022-09-20 04:00:00+00:00,1016.3671227864152,2
2022-09-21 04:00:00+00:00,1016.3671227864152,2
2022-09-22 04:00:00+00:00,1016.3671227864152,2
2022-09-23 04:00:00+00:00,1016.3671227864152,2
2022-09-26 04:00:00+00:00,1016.3671227864152,2
2022-09-27 04:00:00+00:00,1016.3671227864152,2
2022-09-28 04:00:00+00:00,1016.3671227864152,2
2022-09-29 04:00:00+00:00,1016.3671227864152,2
2022-09-30 04:00:00+00:00,1016.3671227864152,2
2022-10-03 04:00:00+00:00,1016.3671227864152,2
2022-10-04 04:00:00+00:00,1016.3671227864152,2
2022-10-05 04:00:00+00:00,1016.3671227864152,2
2022-10-06 04:00:00+00:00,1016.3671227864152,2
2022-10-07 04:00:00+00:00,1016.3671227864152,2
2022-10-10 04:00:00+00:00,1016.3671227864152,2
2022-10-11 04:00:00+00:00,1016.3671227864152,2
2022-10-12 04:00:00+00:00,1016.3671227864152,2
2022-10-13 04:00:00+00:00,1016.3671227864152,2
2022-10-14 04:00:00+00:00,1016.3671227864152,2
2022-10-17 04:00:00+00:00,1016.3671227864152,2
2022-10-18 04:00:00+00:00,1016.3671227864152,2
2022-10-19 04:00:00+00:00,1016.3671227864152,2
2022-10-20 04:00:00+00:00,1016.3671227864152,2
2022-10-21 04:00:00+00:00,1016.3671227864152,2
2022-10-24 04:00:00+00:00,1016.3671227864152,2
2022-10-25 04:00:00+00:00,1016.3671227864152,2
2022-10-26 04:00:00+00:00,1016.3671227864152,2
2022-10-27 04:00:00+00:00,1016.3671227864152,2
2022-10-28 04:00:00+00:00,1016.3671227864152,2
2022-10-31 04:00:00+00:00,1016.3671227864152,2
2022-11-01 04:00:00+00:00,1016.3671227864152,2
2022-11-02 04:00:00+00:00,1016.3671227864152,2
2022-11-03 04:00:00+00:00,1016.3671227864152,2
2022-11-04 04:00:00+00:00,1016.3671227864152,2
2022-11-07 05:00:00+00:00,1016.3671227864152,2
2022-11-08 05:00:00+00:00,1016.3671227864152,2
2022-11-09 05:00:00+00:00,1016.3671227864152,2
2022-11-10 05:00:00+00:00,1016.3671227864152,2
2022-11-11 05:00:00+00:00,1016.3671227864152,2
2022-11-14 05:00:00+00:00,1016.3671227864152,2
2022-11-15 05:00:00+00:00,1016.3671227864152,2
2022-11-16 05:00:00+00:00,1016.3671227864152,2
2022-11-17 05:00:00+00:00,1016.3671227864152,2
2022-11-18 05:00:00+00:00,1016.3671227864152,2
2022-11-21 05:00:00+00:00,1016.2831018703121,2
2022-11-22 05:00:00+00:00,1017.6503836858105,2
2022-11-23 05:00:00+00:00,1018.2992675292824,2
2022-11-25 05:00:00+00:00,1018.2760934011525,2
2022-11-28 05:00:00+00:00,1016.6229945867736,2
2022-11-29 05:00:00+00:00,1016.4478965876618,2
2022-11-30 05:00:00+00:00,1019.6536702425782,2
2022-12-01 05:00:00+00:00,1019.5764286527018,2
2022-12-02 05:00:00+00:00,1019.4553981153365,2
2022-12-05 05:00:00+00:00,1017.5705662754935,2
2022-12-06 05:00:00+00:00,1016.0874055635109,2
2022-12-07 05:00:00+00:00,1015.9148833848395,2
2022-12-08 05:00:00+00:00,1016.707955382137,2
2022-12-09 05:00:00+00:00,1015.945784974291,2
2022-12-12 05:00:00+00:00,1017.4057715581438,2
2022-12-13 05:00:00+00:00,1018.1833886327981,2
2022-12-14 05:00:00+00:00,1017.5216174312891,2
2022-12-15 05:00:00+00:00,1015.0059572585621,2
2022-12-16 05:00:00+00:00,1014.2138573604776,2
2022-12-19 05:00:00+00:00,1014.2138573604776,3
2022-12-20 05:00:00+00:00,1014.2138573604776,3
2022-12-21 05:00:00+00:00,1014.2138573604776,3
2022-12-22 05:00:00+00:00,1014.2138573604776,3
2022-12-23 05:00:00+00:00,1014.2138573604776,3
2022-12-27 05:00:00+00:00,1014.2138573604776,3
2022-12-28 05:00:00+00:00,1014.2138573604776,3
2022-12-29 05:00:00+00:00,1014.2138573604776,3
2022-12-30 05:00:00+00:00,1014.2138573604776,3
2023-01-03 05:00:00+00:00,1014.2138573604776,3
2023-01-04 05:00:00+00:00,1014.2138573604776,3
2023-01-05 05:00:00+00:00,1014.2138573604776,3
2023-01-06 05:00:00+00:00,1014.2138573604776,3
2023-01-09 05:00:00+00:00,1014.2138573604776,3
2023-01-10 05:00:00+00:00,1014.2138573604776,3
2023-01-11 05:00:00+00:00,1014.2138573604776,3
2023-01-12 05:00:00+00:00,1014.2169937854844,3
2023-01-13 05:00:00+00:00,1014.6106682892201,3
2023-01-17 05:00:00+00:00,1014.4240620708366,3
2023-01-18 05:00:00+00:00,1012.8187035903162,3
2023-01-19 05:00:00+00:00,1012.0651538215695,3
2023-01-20 05:00:00+00:00,1012.0651538215695,3
2023-01-23 05:00:00+00:00,1012.9915877507128,3
2023-01-24 05:00:00+00:00,1012.8819527199372,3
2023-01-25 05:00:00+00:00,1012.9201882218346,3
2023-01-26 05:00:00+00:00,1014.0424331711773,3
2023-01-27 05:00:00+00:00,1014.2796528349604,3
2023-01-30 05:00:00+00:00,1012.9814122392435,3
2023-01-31 05:00:00+00:00,1014.4836921909441,3
2023-02-01 05:00:00+00:00,1015.5855372748932,3
2023-02-02 05:00:00+00:00,1017.1107731804688,3
2023-02-03 05:00:00+00:00,1015.980876246501,3
2023-02-06 05:00:00+00:00,1015.3381258188224,3
2023-02-07 05:00:00+00:00,1016.7052424165732,3
2023-02-08 05:00:00+00:00,1015.5472854921775,3
2023-02-09 05:00:00+00:00,1014.6392716911062,3
2023-02-10 05:00:00+00:00,1014.8815872510331,3
2023-02-13 05:00:00+00:00,1016.1032835792729,3
2023-02-14 05:00:00+00:00,1016.0548481446788,3
2023-02-15 05:00:00+00:00,1016.3966232239119,3
2023-02-16 05:00:00+00:00,1014.9428031280329,3
2023-02-17 05:00:00+00:00,1014.682635650784,3
2023-02-21 05:00:00+00:00,1012.5988130079952,3
2023-02-22 05:00:00+00:00,1012.458537477083,3
2023-02-23 05:00:00+00:00,1012.9992641565653,3
2023-02-24 05:00:00+00:00,1011.9076271457224,3
2023-02-27 05:00:00+00:00,1012.2519420326182,3
2023-02-28 05:00:00+00:00,1011.8770110668133,3
2023-03-01 05:00:00+00:00,1011.4893159394212,3
2023-03-02 05:00:00+00:00,1012.2723500384212,3
2023-03-03 05:00:00+00:00,1013.8996096921933,3
2023-03-06 05:00:00+00:00,1013.9710336422991,3
2023-03-07 05:00:00+00:00,1012.3896696154584,3
2023-03-08 05:00:00+00:00,1012.5554571887266,3
2023-03-09 05:00:00+00:00,1010.6782299904025,3
2023-03-10 05:00:00+00:00,1009.9210025049217,3
2023-03-13 04:00:00+00:00,1009.9210025049217,3
2023-03-14 04:00:00+00:00,1009.9210025049217,3
2023-03-15 04:00:00+00:00,1009.9210025049217,3
2023-03-16 04:00:00+00:00,1009.9210025049217,3
2023-03-17 04:00:00+00:00,1009.9210025049217,3
2023-03-20 04:00:00+00:00,1009.9210025049217,3
2023-03-21 04:00:00+00:00,1009.9210025049217,3
2023-03-22 04:00:00+00:00,1009.9210025049217,3
2023-03-23 04:00:00+00:00,1009.9210025049217,3
2023-03-24 04:00:00+00:00,1009.9210025049217,3
2023-03-27 04:00:00+00:00,1009.4369073172364,3
2023-03-28 04:00:00+00:00,1009.2112090307157,3
2023-03-29 04:00:00+00:00,1010.6695107430256,3
2023-03-30 04:00:00+00:00,1011.2655238822347,3
2023-03-31 04:00:00+00:00,1012.7086414195645,3
2023-04-03 04:00:00+00:00,1013.1043008617177,3
2023-04-04 04:00:00+00:00,1012.5260442563941,3
2023-04-05 04:00:00+00:00,1012.2546482961546,3
2023-04-06 04:00:00+00:00,1012.6579038577084,3
2023-04-10 04:00:00+00:00,1012.7644349971998,3
2023-04-11 04:00:00+00:00,1012.7923277541071,3
2023-04-12 04:00:00+00:00,1012.3687755550467,3
2023-04-13 04:00:00+00:00,1013.743415124277,3
2023-04-14 04:00:00+00:00,1013.4872597857649,3
2023-04-17 04:00:00+00:00,1013.8626064627695,3
2023-04-18 04:00:00+00:00,1013.9311005585109,3
2023-04-19 04:00:00+00:00,1013.9133520884465,3
2023-04-20 04:00:00+00:00,1013.3401514989023,3
2023-04-21 04:00:00+00:00,1013.4213057936447,3
2023-04-24 04:00:00+00:00,1013.5303689729362,3
2023-04-25 04:00:00+00:00,1011.8691492684862,3
2023-04-26 04:00:00+00:00,1011.4329046151408,3
2023-04-27 04:00:00+00:00,1013.4745673314799,3
2023-04-28 04:00:00+00:00,1014.3673129565723,3
2023-05-01 04:00:00+00:00,1014.2607979447229,3
2023-05-02 04:00:00+00:00,1013.0763919771684,3
2023-05-03 04:00:00+00:00,1012.3611713718251,3
2023-05-04 04:00:00+00:00,1011.6282184240594,3
2023-05-05 04:00:00+00:00,1013.5303689729362,3
2023-05-08 04:00:00+00:00,1013.5582536660224,3
2023-05-09 04:00:00+00:00,1013.0992045268332,3
2023-05-10 04:00:00+00:00,1013.5861706143927,3
2023-05-11 04:00:00+00:00,1013.4035573235802,3
2023-05-12 04:00:00+00:00,1013.2665933235604,3
2023-05-15 04:00:00+00:00,1013.6267316341218,3
2023-05-16 04:00:00+00:00,1012.9267516505057,3
2023-05-17 04:00:00+00:00,1014.1897879368232,3
2023-05-18 04:00:00+00:00,1015.2042891954923,3
2023-05-19 04:00:00+00:00,1015.0495847892291,3
2023-05-22 04:00:00+00:00,1015.0926939764005,3
2023-05-23 04:00:00+00:00,1013.9006515703404,3
2023-05-24 04:00:00+00:00,1013.1397978018465,3
2023-05-25 04:00:00+00:00,1014.0426796499606,3
2023-05-26 04:00:00+00:00,1015.404634828727,3
2023-05-30 04:00:00+00:00,1015.4452281037403,3
2023-05-31 04:00:00+00:00,1014.8542871079527,3
2023-06-01 04:00:00+00:00,1015.861159991937,3
2023-06-02 04:00:00+00:00,1017.4082605013161,3
2023-06-05 04:00:00+00:00,1017.2002784295756,3
2023-06-06 04:00:00+00:00,1017.4361451944022,3
2023-06-07 04:00:00+00:00,1017.0607904535767,3
2023-06-08 04:00:00+00:00,1017.7151453378633,3
2023-06-09 04:00:00+00:00,1017.9104107638557,3
2023-06-12 04:00:00+00:00,1018.8995432415967,3
2023-06-13 04:00:00+00:00,1019.6249000699619,3
2023-06-14 04:00:00+00:00,1019.7567919265603,3
2023-06-15 04:00:00+00:00,1021.1314153681486,3
2023-06-16 04:00:00+00:00,1020.749069294499,3
2023-06-20 04:00:00+00:00,1020.1686596489631,3
2023-06-21 04:00:00+00:00,1019.5984346093751,3
2023-06-22 04:00:00+00:00,1019.9980856429331,3
2023-06-23 04:00:00+00:00,1019.1580451520256,3
2023-06-26 04:00:00+00:00,1018.7074549610861,3
2023-06-27 04:00:00+00:00,1019.9115447157495,3
2023-06-28 04:00:00+00:00,1019.9675640803734,3
2023-06-29 04:00:00+00:00,1020.4053973064598,3
2023-06-30 04:00:00+00:00,1021.7214935350871,3
2023-07-03 04:00:00+00:00,1021.8513210535045,3
2023-07-05 04:00:00+00:00,1021.6833194063798,3
2023-07-06 04:00:00+00:00,1020.7999761965964,3
2023-07-07 04:00:00+00:00,1020.5173957166026,3
2023-07-10 04:00:00+00:00,1020.7999761965964,3
2023-07-11 04:00:00+00:00,1021.5127454003498,3
2023-07-12 04:00:00+00:00,1022.4190059894712,3
2023-07-13 04:00:00+00:00,1023.3201541160662,3
2023-07-14 04:00:00+00:00,1023.248878002073,3
2023-07-17 04:00:00+00:00,1023.6459969958307,3
2023-07-18 04:00:00+00:00,1024.4987863877705,3
2023-07-19 04:00:00+00:00,1024.755893257163,3
2023-07-20 04:00:00+00:00,1023.9871046887856,3
2023-07-21 04:00:00+00:00,1023.9871046887856,3
2023-07-24 04:00:00+00:00,1024.5013264913916,3
2023-07-25 04:00:00+00:00,1024.8170089566713,3
2023-07-26 04:00:00+00:00,1024.834805809662,3
2023-07-27 04:00:00+00:00,1024.0660172412845,3
2023-07-28 04:00:00+00:00,1025.1937506747124,3
2023-07-31 04:00:00+00:00,1025.4152154551978,3
2023-08-01 04:00:00+00:00,1025.0817442007485,3
2023-08-02 04:00:00+00:00,1023.4652706391369,3
2023-08-03 04:00:00+00:00,1023.1368795919301,3
2023-08-04 04:00:00+00:00,1022.6200934942398,3
2023-08-07 04:00:00+00:00,1023.6129030743658,3
2023-08-08 04:00:00+00:00,1023.1139702764132,3
2023-08-09 04:00:00+00:00,1022.3502699790993,3
2023-08-10 04:00:00+00:00,1022.3909922752488,3
2023-08-11 04:00:00+00:00,1022.324804432319,3
2023-08-14 04:00:00+00:00,1022.9510327088889,3
2023-08-15 04:00:00+00:00,1021.6222037068713,3
2023-08-16 04:00:00+00:00,1020.794895989354,3
2023-08-17 04:00:00+00:00,1019.9420904697722,3
2023-08-18 04:00:00+00:00,1019.9955455393119,3
2023-08-21 04:00:00+00:00,1020.7185074128342,3
2023-08-22 04:00:00+00:00,1020.4155819124077,3
2023-08-23 04:00:00+00:00,1021.6578619234206,3
2023-08-24 04:00:00+00:00,1020.0948353675276,3
2023-08-25 04:00:00+00:00,1020.8788806852742,3
2023-08-28 04:00:00+00:00,1021.5891259130485,3
2023-08-29 04:00:00+00:00,1023.2183322480503,3
2023-08-30 04:00:00+00:00,1023.6892755232435,3
2023-08-31 04:00:00+00:00,1023.5212658122978,3
2023-09-01 04:00:00+00:00,1023.7351022180985,3
2023-09-05 04:00:00+00:00,1023.238677268483,3
2023-09-06 04:00:00+00:00,1022.4699128915687,3
2023-09-07 04:00:00+00:00,1022.1211687601082,3
2023-09-08 04:00:00+00:00,1022.2917185746751,3
2023-09-11 04:00:00+00:00,1023.0375897637144,3
2023-09-12 04:00:00+00:00,1022.4113614871445,3
2023-09-13 04:00:00+00:00,1022.5437291091831,3
2023-09-14 04:00:00+00:00,1023.523805915919,3
2023-09-15 04:00:00+00:00,1022.1425136943474,3
2023-09-18 04:00:00+00:00,1022.2089515157287,3
2023-09-19 04:00:00+00:00,1021.9739153244672,3
2023-09-20 04:00:00+00:00,1020.9341904336485,3
2023-09-21 04:00:00+00:00,1019.0820839580199,3
2023-09-22 04:00:00+00:00,1018.8342988657262,3
2023-09-25 04:00:00+00:00,1019.2966864268175,3
2023-09-26 04:00:00+00:00,1017.674503679924,3
2023-09-27 04:00:00+00:00,1017.907239060636,3
2023-09-28 04:00:00+00:00,1017.907239060636,3
2023-09-29 04:00:00+00:00,1017.907239060636,3
2023-10-02 04:00:00+00:00,1017.907239060636,3
2023-10-03 04:00:00+00:00,1017.907239060636,3
2023-10-04 04:00:00+00:00,1017.907239060636,3
2023-10-05 04:00:00+00:00,1017.907239060636,3
2023-10-06 04:00:00+00:00,1017.907239060636,3
2023-10-09 04:00:00+00:00,1017.907239060636,3
2023-10-10 04:00:00+00:00,1017.907239060636,3
2023-10-11 04:00:00+00:00,1017.907239060636,3
2023-10-12 04:00:00+00:00,1017.907239060636,3
2023-10-13 04:00:00+00:00,1017.907239060636,3
2023-10-16 04:00:00+00:00,1017.907239060636,3
2023-10-17 04:00:00+00:00,1018.5907827657807,3
2023-10-18 04:00:00+00:00,1017.2246181259079,3
2023-10-19 04:00:00+00:00,1016.3358043052382,3
2023-10-20 04:00:00+00:00,1016.1598678184953,3
2023-10-23 04:00:00+00:00,1016.1598678184953,3
2023-10-24 04:00:00+00:00,1016.1598678184953,3
2023-10-25 04:00:00+00:00,1016.1598678184953,3
2023-10-26 04:00:00+00:00,1016.1598678184953,3
2023-10-27 04:00:00+00:00,1016.1598678184953,3
2023-10-30 04:00:00+00:00,1016.1598678184953,3
2023-10-31 04:00:00+00:00,1016.1598678184953,3
2023-11-01 04:00:00+00:00,1016.1598678184953,3
2023-11-02 04:00:00+00:00,1016.1598678184953,3
2023-11-03 04:00:00+00:00,1016.1598678184953,3
2023-11-06 05:00:00+00:00,1016.1598678184953,3
2023-11-07 05:00:00+00:00,1016.1598678184953,3
2023-11-08 05:00:00+00:00,1016.019085884208,3
2023-11-09 05:00:00+00:00,1015.2273018945683,3
2023-11-10 05:00:00+00:00,1016.7992529375932,3
2023-11-13 05:00:00+00:00,1016.7017219781362,3
2023-11-14 05:00:00+00:00,1018.6846560391658,3
2023-11-15 05:00:00+00:00,1018.9052312420558,3
2023-11-16 05:00:00+00:00,1019.0329515771799,3
2023-11-17 05:00:00+00:00,1019.1629659823658,3
2023-11-20 05:00:00+00:00,1019.9686609783216,3
2023-11-21 05:00:00+00:00,1019.7388068850227,3
2023-11-22 05:00:00+00:00,1020.1451211406336,3
2023-11-24 05:00:00+00:00,1020.2101613250644,3
2023-11-27 05:00:00+00:00,1020.0197535099496,3
2023-11-28 05:00:00+00:00,1020.1242253139701,3
2023-11-29 05:00:00+00:00,1020.0499282270222,3
2023-11-30 05:00:00+00:00,1020.4655580195288,3
2023-12-01 05:00:00+00:00,1021.0924767952191,3
2023-12-04 05:00:00+00:00,1020.5329069326159,3
2023-12-05 05:00:00+00:00,1020.5119964473577,3
2023-12-06 05:00:00+00:00,1020.0847570478938,3
2023-12-07 05:00:00+00:00,1020.8904813610391,3
2023-12-08 05:00:00+00:00,1021.3478954775754,3
2023-12-11 05:00:00+00:00,1021.7635032821901,3
2023-12-12 05:00:00+00:00,1022.2534374909418,3
2023-12-13 05:00:00+00:00,1023.7394598521696,3
2023-12-14 05:00:00+00:00,1024.0900861067319,3
2023-12-15 05:00:00+00:00,1023.8330581522993,3
2023-12-18 05:00:00+00:00,1023.9765584894433,4
2023-12-19 05:00:00+00:00,1024.6003298487196,4
2023-12-20 05:00:00+00:00,1023.1702425678943,4
2023-12-21 05:00:00+00:00,1024.1352224840732,4
2023-12-22 05:00:00+00:00,1024.341702276232,4
2023-12-26 05:00:00+00:00,1024.7763627712316,4
2023-12-27 05:00:00+00:00,1024.9632939785474,4
2023-12-28 05:00:00+00:00,1025.0024116465745,4
2023-12-29 05:00:00+00:00,1024.702486749099,4
2024-01-02 05:00:00+00:00,1024.1243651959517,4
2024-01-03 05:00:00+00:00,1023.2854295805755,4
2024-01-04 05:00:00+00:00,1022.9572374704139,4
2024-01-05 05:00:00+00:00,1023.0963323818596,4
2024-01-08 05:00:00+00:00,1024.5481752356104,4
2024-01-09 05:00:00+00:00,1024.3916908979413,4
2024-01-10 05:00:00+00:00,1024.9741649322298,4
2024-01-11 05:00:00+00:00,1024.9285287916616,4
2024-01-12 05:00:00+00:00,1025.0002388223943,4
2024-01-16 05:00:00+00:00,1024.6198852663429,4
2024-01-17 05:00:00+00:00,1024.0461230271171,4
2024-01-18 05:00:00+00:00,1024.9589483301868,4
2024-01-19 05:00:00+00:00,1026.2499475323468,4
2024-01-22 05:00:00+00:00,1026.471630260988,4
2024-01-23 05:00:00+00:00,1026.7780804637848,4
2024-01-24 05:00:00+00:00,1026.8932743092466,4
2024-01-25 05:00:00+00:00,1027.4670433812528,4
2024-01-26 05:00:00+00:00,1027.3323146165092,4
2024-01-29 05:00:00+00:00,1028.1712365663245,4
2024-01-30 05:00:00+00:00,1028.0886419163487,4
2024-01-31 05:00:00+00:00,1026.3477519515852,4
2024-02-01 05:00:00+00:00,1027.7213389709405,4
2024-02-02 05:00:00+00:00,1028.8406372333886,4
2024-02-05 05:00:00+00:00,1028.4494195564355,4
2024-02-06 05:00:00+00:00,1028.7602359059345,4
2024-02-07 05:00:00+00:00,1029.6556717827807,4
2024-02-08 05:00:00+00:00,1029.7034875803097,4
2024-02-09 05:00:00+00:00,1030.3294317637665,4
2024-02-12 05:00:00+00:00,1030.2816023006767,4
2024-02-13 05:00:00+00:00,1028.781943649397,4
2024-02-14 05:00:00+00:00,1029.7578150175993,4
2024-02-15 05:00:00+00:00,1030.5054715190588,4
2024-02-16 05:00:00+00:00,1029.9621151527974,4
2024-02-20 05:00:00+00:00,1029.3644245164658,4
2024-02-21 05:00:00+00:00,1029.4622357684846,4
2024-02-22 05:00:00+00:00,1031.6986594692003,4
2024-02-23 05:00:00+00:00,1031.7747356466348,4
2024-02-26 05:00:00+00:00,1031.370474191819,4
2024-02-27 05:00:00+00:00,1031.5747811597976,4
2024-02-28 05:00:00+00:00,1031.4291609430302,4
2024-02-29 05:00:00+00:00,1031.8247106027832,4
2024-03-01 05:00:00+00:00,1032.8614278808163,4
2024-03-04 05:00:00+00:00,1032.741888386994,4
2024-03-05 05:00:00+00:00,1031.6291085970872,4
2024-03-06 05:00:00+00:00,1032.1876747326112,4
2024-03-07 05:00:00+00:00,1033.287417577436,4
2024-03-08 05:00:00+00:00,1032.615837253411,4
2024-03-11 04:00:00+00:00,1032.520205658353,4
2024-03-12 04:00:00+00:00,1033.715600596577,4
2024-03-13 04:00:00+00:00,1033.539533510163,4
2024-03-14 04:00:00+00:00,1033.3178439487415,4
2024-03-15 04:00:00+00:00,1032.549354299716,4
2024-03-18 04:00:00+00:00,1033.20992701445,4
2024-03-19 04:00:00+00:00,1033.8312727366695,4
2024-03-20 04:00:00+00:00,1034.8712219198515,4
2024-03-21 04:00:00+00:00,1035.246191244915,4
2024-03-22 04:00:00+00:00,1035.0303642091123,4
2024-03-25 04:00:00+00:00,1034.7164321117318,4
2024-03-26 04:00:00+00:00,1034.5071235484704,4
2024-03-27 04:00:00+00:00,1035.457672632357,4
2024-03-28 04:00:00+00:00,1035.4358760627488,4
2024-04-01 04:00:00+00:00,1035.2374726170717,4
2024-04-02 04:00:00+00:00,1034.5136761849137,4
2024-04-03 04:00:00+00:00,1034.63792346446,4
2024-04-04 04:00:00+00:00,1033.2557203089682,4
2024-04-05 04:00:00+00:00,1034.4242760856182,4
2024-04-08 04:00:00+00:00,1034.4874998030425,4
2024-04-09 04:00:00+00:00,1034.6183202173738,4
2024-04-10 04:00:00+00:00,1033.4846252865357,4
2024-04-11 04:00:00+00:00,1034.3305371707427,4
2024-04-12 04:00:00+00:00,1032.7717271391816,4
2024-04-15 04:00:00+00:00,1031.3764255435835,4
2024-04-16 04:00:00+00:00,1031.1758561065064,4
2024-04-17 04:00:00+00:00,1031.6480350759361,4
2024-04-18 04:00:00+00:00,1031.6480350759361,4
2024-04-19 04:00:00+00:00,1031.6480350759361,4
2024-04-22 04:00:00+00:00,1031.6480350759361,4
2024-04-23 04:00:00+00:00,1031.6480350759361,4
2024-04-24 04:00:00+00:00,1031.6480350759361,4
2024-04-25 04:00:00+00:00,1031.6480350759361,4
2024-04-26 04:00:00+00:00,1031.6480350759361,4
2024-04-29 04:00:00+00:00,1031.6480350759361,4
2024-04-30 04:00:00+00:00,1031.6480350759361,4
2024-05-01 04:00:00+00:00,1031.6480350759361,4
2024-05-02 04:00:00+00:00,1031.6480350759361,4
2024-05-03 04:00:00+00:00,1031.6480350759361,4
2024-05-06 04:00:00+00:00,1031.6480350759361,4
2024-05-07 04:00:00+00:00,1031.492125734972,4
2024-05-08 04:00:00+00:00,1031.5020629441537,4
2024-05-09 04:00:00+00:00,1032.0959345490703,4
2024-05-10 04:00:00+00:00,1032.2294966365268,4
2024-05-13 04:00:00+00:00,1032.2434062310258,4
2024-05-14 04:00:00+00:00,1032.7197426993096,4
2024-05-15 04:00:00+00:00,1034.011142680721,4
2024-05-16 04:00:00+00:00,1033.7938731907163,4
2024-05-17 04:00:00+00:00,1033.9453359956556,4
2024-05-20 04:00:00+00:00,1034.0669309600496,4
2024-05-21 04:00:00+00:00,1034.3259979383286,4
2024-05-22 04:00:00+00:00,1034.0210986275695,4
2024-05-23 04:00:00+00:00,1033.2498312871523,4
2024-05-24 04:00:00+00:00,1033.9433747865523,4
2024-05-28 04:00:00+00:00,1034.0171012586968,4
2024-05-29 04:00:00+00:00,1033.2777379185945,4
2024-05-30 04:00:00+00:00,1032.5822269642026,4
2024-05-31 04:00:00+00:00,1033.53083382712,4
2024-06-03 04:00:00+00:00,1033.616527422327,4
2024-06-04 04:00:00+00:00,1033.7341125260707,4
2024-06-05 04:00:00+00:00,1034.9856387529776,4
2024-06-06 04:00:00+00:00,1034.9836400685413,4
2024-06-07 04:00:00+00:00,1034.8541253170683,4
2024-06-10 04:00:00+00:00,1035.1829463821748,4
2024-06-11 04:00:00+00:00,1035.440039659573,4
2024-06-12 04:00:00+00:00,1036.3188986815521,4
2024-06-13 04:00:00+00:00,1036.5361057126681,4
2024-06-14 04:00:00+00:00,1036.6019123977337,4
2024-06-17 04:00:00+00:00,1037.4628207351193,4
2024-06-18 04:00:00+00:00,1037.739838397992,4
2024-06-20 04:00:00+00:00,1037.442883857867,4
2024-06-21 04:00:00+00:00,1037.296717566684,4
2024-06-24 04:00:00+00:00,1036.942850487235,4
2024-06-25 04:00:00+00:00,1037.3607129439793,4
2024-06-26 04:00:00+00:00,1037.496685944537,4
2024-06-27 04:00:00+00:00,1037.6685977896152,4
2024-06-28 04:00:00+00:00,1037.2387307344757,4
2024-07-01 04:00:00+00:00,1037.4626833255643,4
2024-07-02 04:00:00+00:00,1038.196450349245,4
2024-07-03 04:00:00+00:00,1038.686265445696,4
2024-07-05 04:00:00+00:00,1039.3220469648866,4
2024-07-08 04:00:00+00:00,1039.4500252276991,4
2024-07-09 04:00:00+00:00,1039.5579791708153,4
2024-07-10 04:00:00+00:00,1040.6576053805627,4
2024-07-11 04:00:00+00:00,1039.6899173271674,4
2024-07-12 04:00:00+00:00,1040.3916929080892,4
2024-07-15 04:00:00+00:00,1040.699590245503,4
2024-07-16 04:00:00+00:00,1041.3653395394606,4
2024-07-17 04:00:00+00:00,1039.7818942865708,4
2024-07-18 04:00:00+00:00,1038.9261825287197,4
2024-07-19 04:00:00+00:00,1038.192415505039,4
2024-07-22 04:00:00+00:00,1039.324045649323,4
2024-07-23 04:00:00+00:00,1039.1501351198083,4
2024-07-24 04:00:00+00:00,1036.6409492031305,4
2024-07-25 04:00:00+00:00,1036.0771453072025,4
2024-07-26 04:00:00+00:00,1037.2827517591852,4
2024-07-29 04:00:00+00:00,1037.3467096611473,4
2024-07-30 04:00:00+00:00,1036.7948978718373,4
2024-07-31 04:00:00+00:00,1038.5562884984472,4
2024-08-01 04:00:00+00:00,1036.9968274587934,4
2024-08-02 04:00:00+00:00,1034.9755204130188,4
2024-08-05 04:00:00+00:00,1030.6533836544384,4
2024-08-06 04:00:00+00:00,1030.6533836544384,4
2024-08-07 04:00:00+00:00,1030.6533836544384,4
2024-08-08 04:00:00+00:00,1030.6533836544384,4
2024-08-09 04:00:00+00:00,1030.6533836544384,4
2024-08-12 04:00:00+00:00,1030.6533836544384,4
2024-08-13 04:00:00+00:00,1030.6533836544384,4
2024-08-14 04:00:00+00:00,1030.6533836544384,4
2024-08-15 04:00:00+00:00,1030.6533836544384,4
2024-08-16 04:00:00+00:00,1031.1213036742352,4
2024-08-19 04:00:00+00:00,1032.1117342013322,4
2024-08-20 04:00:00+00:00,1031.9416769015354,4
2024-08-21 04:00:00+00:00,1032.300449349744,4
2024-08-22 04:00:00+00:00,1031.4782313539324,4
2024-08-23 04:00:00+00:00,1032.5826522289813,4
2024-08-26 04:00:00+00:00,1032.3322424171897,4
2024-08-27 04:00:00+00:00,1032.4761110095753,4
2024-08-28 04:00:00+00:00,1031.8669287495752,4
2024-08-29 04:00:00+00:00,1031.8762693496328,4
2024-08-30 04:00:00+00:00,1032.8722808852642,4
2024-09-03 04:00:00+00:00,1030.7045844784197,4
2024-09-04 04:00:00+00:00,1030.49342853837,4
2024-09-05 04:00:00+00:00,1030.2430187265784,4
2024-09-06 04:00:00+00:00,1028.5144472799373,4
2024-09-09 04:00:00+00:00,1029.645033510897,4
2024-09-10 04:00:00+00:00,1029.9377002984443,4
2024-09-11 04:00:00+00:00,1030.9390615455495,4
2024-09-12 04:00:00+00:00,1031.81549442996,4
2024-09-13 04:00:00+00:00,1032.3634848355057,4
2024-09-16 04:00:00+00:00,1032.519234414127,4
2024-09-17 04:00:00+00:00,1032.5624193646697,4
2024-09-18 04:00:00+00:00,1032.2489972283643,4
2024-09-19 04:00:00+00:00,1034.046841946488,4
2024-09-20 04:00:00+00:00,1033.861626231371,4
2024-09-23 04:00:00+00:00,1034.1289320466105,4
2024-09-24 04:00:00+00:00,1034.4357644619806,4
2024-09-25 04:00:00+00:00,1034.19855795927,4
2024-09-26 04:00:00+00:00,1034.6240053514775,4
2024-09-27 04:00:00+00:00,1034.4677515771264,4
2024-09-30 04:00:00+00:00,1034.89883892622,4
2024-10-01 04:00:00+00:00,1033.9312638695123,4
2024-10-02 04:00:00+00:00,1033.976453877493,4
2024-10-03 04:00:00+00:00,1033.7806969539754,4
2024-10-04 04:00:00+00:00,1034.7520241649522,4
2024-10-07 04:00:00+00:00,1033.776921348742,4
2024-10-08 04:00:00+00:00,1034.7877751598492,4
2024-10-09 04:00:00+00:00,1035.5351104864324,4
2024-10-10 04:00:00+00:00,1035.344981794319,4
2024-10-11 04:00:00+00:00,1035.9944327964022,4
2024-10-14 04:00:00+00:00,1036.8867068071183,4
2024-10-15 04:00:00+00:00,1036.0320598684339,4
2024-10-16 04:00:00+00:00,1036.5064611483733,4
2024-10-17 04:00:00+00:00,1036.5158415340466,4
2024-10-18 04:00:00+00:00,1036.9375250465027,4
2024-10-21 04:00:00+00:00,1036.7568236419909,4
2024-10-22 04:00:00+00:00,1036.6984541921395,4
2024-10-23 04:00:00+00:00,1035.6951046895708,4
2024-10-24 04:00:00+00:00,1035.9304116641827,4
2024-10-25 04:00:00+00:00,1035.8927494157049,4
2024-10-28 04:00:00+00:00,1036.229728045532,4
2024-10-29 04:00:00+00:00,1036.4066890212569,4
2024-10-30 04:00:00+00:00,1036.0753737992798,4
2024-10-31 04:00:00+00:00,1033.9350394747457,4
2024-11-01 04:00:00+00:00,1034.3868222997307,4
2024-11-04 05:00:00+00:00,1034.1552674793882,4
2024-11-05 05:00:00+00:00,1035.4522934064203,4
2024-11-06 05:00:00+00:00,1038.1516987170764,4
2024-11-07 05:00:00+00:00,1039.0119504362006,4
2024-11-08 05:00:00+00:00,1039.49761990443,4
2024-11-11 05:00:00+00:00,1039.6049432420134,4
2024-11-12 05:00:00+00:00,1039.2548086212794,4
2024-11-13 05:00:00+00:00,1039.3093907404154,4
2024-11-14 05:00:00+00:00,1038.5865382204393,4
2024-11-15 05:00:00+00:00,1037.1558886994926,4
2024-11-18 05:00:00+00:00,1037.6076715244776,4
2024-11-19 05:00:00+00:00,1038.0123999898296,4
2024-11-20 05:00:00+00:00,1038.050027061861,4
2024-11-21 05:00:00+00:00,1038.6467602964613,4
2024-11-22 05:00:00+00:00,1038.993154488408,4
2024-11-25 05:00:00+00:00,1039.3733766961886,4
2024-11-26 05:00:00+00:00,1039.9607060941512,4
2024-11-27 05:00:00+00:00,1039.6181109584022,4
2024-11-29 05:00:00+00:00,1040.318356748906,4
2024-12-02 05:00:00+00:00,1040.5216648828903,4
2024-12-03 05:00:00+00:00,1040.5743709248914,4
2024-12-04 05:00:00+00:00,1041.2802801232453,4
2024-12-05 05:00:00+00:00,1041.0920275082665,4
2024-12-06 05:00:00+00:00,1041.3085385350857,4
2024-12-09 05:00:00+00:00,1040.7193213345065,4
2024-12-10 05:00:00+00:00,1040.3654345595032,4
2024-12-11 05:00:00+00:00,1041.2426296002495,4
2024-12-12 05:00:00+00:00,1040.6534593015986,4
2024-12-13 05:00:00+00:00,1040.5512587698115,4
2024-12-16 05:00:00+00:00,1040.6140428680046,5
2024-12-17 05:00:00+00:00,1040.1848742622346,5
2024-12-18 05:00:00+00:00,1038.3467570703842,5
2024-12-19 05:00:00+00:00,1038.3467570703842,5
2024-12-20 05:00:00+00:00,1038.3467570703842,5
2024-12-23 05:00:00+00:00,1038.3467570703842,5
2024-12-24 05:00:00+00:00,1039.1867097254121,5
2024-12-26 05:00:00+00:00,1039.1936728417586,5
2024-12-27 05:00:00+00:00,1038.09120825303,5
2024-12-30 05:00:00+00:00,1036.9086029525631,5
2024-12-31 05:00:00+00:00,1036.535903231353,5
2025-01-02 05:00:00+00:00,1036.1469258066531,5
2025-01-03 05:00:00+00:00,1036.1469258066531,5
2025-01-06 05:00:00+00:00,1036.1469258066531,5
2025-01-07 05:00:00+00:00,1034.5501976312048,5
2025-01-08 05:00:00+00:00,1033.951755083879,5
2025-01-10 05:00:00+00:00,1033.951755083879,5
2025-01-13 05:00:00+00:00,1033.951755083879,5
2025-01-14 05:00:00+00:00,1033.951755083879,5
2025-01-15 05:00:00+00:00,1033.951755083879,5
2025-01-16 05:00:00+00:00,1033.4392152817122,5
2025-01-17 05:00:00+00:00,1034.4726767345333,5
2025-01-21 05:00:00+00:00,1035.4243439105453,5
2025-01-22 05:00:00+00:00,1036.014152687516,5
2025-01-23 05:00:00+00:00,1036.590017662643,5
2025-01-24 05:00:00+00:00,1036.2803378125607,5
2025-01-27 05:00:00+00:00,1034.7840955095553,5
2025-01-28 05:00:00+00:00,1035.6801062867294,5
2025-01-29 05:00:00+00:00,1035.208609210296,5
2025-01-30 05:00:00+00:00,1035.7705735866837,5
2025-01-31 05:00:00+00:00,1035.2103589360115,5
2025-02-03 05:00:00+00:00,1034.5057379099344,5
2025-02-04 05:00:00+00:00,1035.2034140370297,5
2025-02-05 05:00:00+00:00,1035.6278953354424,5
2025-02-06 05:00:00+00:00,1035.9932747874668,5
2025-02-07 05:00:00+00:00,1035.0276746103873,5
2025-02-10 05:00:00+00:00,1035.7375232120585,5
2025-02-11 05:00:00+00:00,1035.8175569623763,5
2025-02-12 05:00:00+00:00,1035.4782721852196,5
2025-02-13 05:00:00+00:00,1036.5865398127642,5
2025-02-14 05:00:00+00:00,1036.581333838722,5
2025-02-18 05:00:00+00:00,1036.8927526137438,5
2025-02-19 05:00:00+00:00,1037.1432874143336,5
2025-02-20 05:00:00+00:00,1036.6996347384832,5
2025-02-21 05:00:00+00:00,1034.8832790357587,5
2025-02-24 05:00:00+00:00,1034.4083149102225,5
2025-02-25 05:00:00+00:00,1033.89156258226,5
2025-02-26 05:00:00+00:00,1033.9437843343228,5
2025-02-27 05:00:00+00:00,1032.292680504724,5
2025-02-28 05:00:00+00:00,1033.8811398333994,5
2025-03-03 05:00:00+00:00,1031.7612350282857,5
2025-03-04 05:00:00+00:00,1031.7612350282857,5
2025-03-05 05:00:00+00:00,1031.7612350282857,5
2025-03-06 05:00:00+00:00,1031.7612350282857,5
2025-03-07 05:00:00+00:00,1031.7612350282857,5
2025-03-10 04:00:00+00:00,1031.7612350282857,5
2025-03-11 04:00:00+00:00,1031.7612350282857,5
2025-03-12 04:00:00+00:00,1031.7612350282857,5
2025-03-13 04:00:00+00:00,1031.7612350282857,5
2025-03-14 04:00:00+00:00,1031.7612350282857,5
2025-03-17 04:00:00+00:00,1031.7612350282857,5
2025-03-18 04:00:00+00:00,1031.7612350282857,5
2025-03-19 04:00:00+00:00,1031.7612350282857,5
2025-03-20 04:00:00+00:00,1031.7612350282857,5
2025-03-21 04:00:00+00:00,1031.7612350282857,5
2025-03-24 04:00:00+00:00,1031.7612350282857,5
2025-03-25 04:00:00+00:00,1031.7612350282857,5
2025-03-26 04:00:00+00:00,1031.7612350282857,5
2025-03-27 04:00:00+00:00,1031.7612350282857,5
2025-03-28 04:00:00+00:00,1031.7612350282857,5
2025-03-31 04:00:00+00:00,1031.7612350282857,5
2025-04-01 04:00:00+00:00,1031.7612350282857,5
2025-04-02 04:00:00+00:00,1031.7612350282857,5
2025-04-03 04:00:00+00:00,1031.7612350282857,5
2025-04-04 04:00:00+00:00,1031.7612350282857,5
2025-04-07 04:00:00+00:00,1031.7612350282857,5
2025-04-08 04:00:00+00:00,1031.7612350282857,5
2025-04-09 04:00:00+00:00,1031.7612350282857,5
2025-04-10 04:00:00+00:00,1031.7612350282857,5
2025-04-11 04:00:00+00:00,1031.7612350282857,5
2025-04-14 04:00:00+00:00,1031.7612350282857,5
2025-04-15 04:00:00+00:00,1031.7612350282857,5
2025-04-16 04:00:00+00:00,1031.7612350282857,5
2025-04-17 04:00:00+00:00,1031.7612350282857,5
2025-04-21 04:00:00+00:00,1031.7612350282857,5
2025-04-22 04:00:00+00:00,1031.7612350282857,5
2025-04-23 04:00:00+00:00,1031.7612350282857,5
2025-04-24 04:00:00+00:00,1031.7612350282857,5
2025-04-25 04:00:00+00:00,1031.7612350282857,5
2025-04-28 04:00:00+00:00,1031.7612350282857,5
2025-04-29 04:00:00+00:00,1031.7612350282857,5
2025-04-30 04:00:00+00:00,1031.7612350282857,5
2025-05-01 04:00:00+00:00,1031.7612350282857,5
2025-05-02 04:00:00+00:00,1031.7612350282857,5
2025-05-05 04:00:00+00:00,1031.7612350282857,5
2025-05-06 04:00:00+00:00,1031.7612350282857,5
2025-05-07 04:00:00+00:00,1031.7612350282857,5
2025-05-08 04:00:00+00:00,1031.7612350282857,5
2025-05-09 04:00:00+00:00,1031.7612350282857,5
2025-05-12 04:00:00+00:00,1031.7612350282857,5
2025-05-13 04:00:00+00:00,1031.7612350282857,5
2025-05-14 04:00:00+00:00,1031.7612350282857,5
2025-05-15 04:00:00+00:00,1031.7612350282857,5
2025-05-16 04:00:00+00:00,1031.7612350282857,5
2025-05-19 04:00:00+00:00,1032.8729975083104,5
2025-05-20 04:00:00+00:00,1032.522181342102,5
2025-05-21 04:00:00+00:00,1030.7698918296032,5
2025-05-22 04:00:00+00:00,1030.8102344945048,5
2025-05-23 04:00:00+00:00,1029.5753557870148,5
2025-05-27 04:00:00+00:00,1030.3955404689784,5
2025-05-28 04:00:00+00:00,1029.7948633278006,5
2025-05-29 04:00:00+00:00,1030.2023410453423,5
2025-05-30 04:00:00+00:00,1030.086423565361,5
2025-06-02 04:00:00+00:00,1030.6695440404812,5
2025-06-03 04:00:00+00:00,1031.2632202572372,5
2025-06-04 04:00:00+00:00,1031.2350861075429,5
2025-06-05 04:00:00+00:00,1030.7292584470777,5
2025-06-06 04:00:00+00:00,1031.798910556501,5
2025-06-09 04:00:00+00:00,1031.8937382952124,5
2025-06-10 04:00:00+00:00,1032.4909258451798,5
2025-06-11 04:00:00+00:00,1032.188809865984,5
2025-06-12 04:00:00+00:00,1032.6086044272674,5
2025-06-13 04:00:00+00:00,1031.423023966862,5
2025-06-16 04:00:00+00:00,1032.4206665679483,5
2025-06-17 04:00:00+00:00,1031.5161232164692,5
2025-06-18 04:00:00+00:00,1031.5003167815173,5
2025-06-20 04:00:00+00:00,1031.2538711966743,5
2025-06-23 04:00:00+00:00,1032.2879207789533,5
2025-06-24 04:00:00+00:00,1033.4558576052962,5
2025-06-25 04:00:00+00:00,1033.515745947903,5
2025-06-26 04:00:00+00:00,1034.3524868682985,5
2025-06-27 04:00:00+00:00,1034.8880141025525,5
2025-06-30 04:00:00+00:00,1035.4059303157455,5
2025-07-01 04:00:00+00:00,1035.3706974026236,5
2025-07-02 04:00:00+00:00,1035.8639473153312,5
2025-07-03 04:00:00+00:00,1036.7253545362123,5
2025-07-07 04:00:00+00:00,1035.9044526637708,5
2025-07-08 04:00:00+00:00,1035.8445643211637,5
2025-07-09 04:00:00+00:00,1036.4998791116323,5
2025-07-10 04:00:00+00:00,1036.809909179305,5
2025-07-11 04:00:00+00:00,1036.4223580059634,5
2025-07-14 04:00:00+00:00,1036.6319943825893,5
2025-07-15 04:00:00+00:00,1036.1616496682614,5
2025-07-16 04:00:00+00:00,1036.5280567453294,5
2025-07-17 04:00:00+00:00,1037.200971685858,5
2025-07-18 04:00:00+00:00,1037.119950117978,5
2025-07-21 04:00:00+00:00,1037.3295756236034,5
2025-07-22 04:00:00+00:00,1037.3454255425581,5
2025-07-23 04:00:00+00:00,1038.287886944321,5
2025-07-24 04:00:00+00:00,1038.3248592175478,5
2025-07-25 04:00:00+00:00,1038.7969759049824,5
2025-07-28 04:00:00+00:00,1038.7687874002847,5
2025-07-29 04:00:00+00:00,1038.4728570204613,5
2025-07-30 04:00:00+00:00,1038.3319144969726,5
2025-07-31 04:00:00+00:00,1037.9126634857219,5
2025-08-01 04:00:00+00:00,1036.0876616378052,5
2025-08-04 04:00:00+00:00,1037.7523488390664,5
2025-08-05 04:00:00+00:00,1037.1886439711154,5
2025-08-06 04:00:00+00:00,1038.0359732461486,5
2025-08-07 04:00:00+00:00,1037.942602221525,5
2025-08-08 04:00:00+00:00,1038.8110647218311,5
2025-08-11 04:00:00+00:00,1038.5891006304626,5
2025-08-12 04:00:00+00:00,1039.7817037572909,5
2025-08-13 04:00:00+00:00,1040.1692549306324,5
2025-08-14 04:00:00+00:00,1040.1798215432689,5
2025-08-15 04:00:00+00:00,1039.9138298992486,5
2025-08-18 04:00:00+00:00,1039.8891527277624,5
2025-08-19 04:00:00+00:00,1039.2743650277348,5
2025-08-20 04:00:00+00:00,1038.974890701698,5
2025-08-21 04:00:00+00:00,1038.523939852538,5
2025-08-22 04:00:00+00:00,1040.243232090088,5
2025-08-25 04:00:00+00:00,1039.7429486399567,5
2025-08-26 04:00:00+00:00,1040.2168046874963,5
2025-08-27 04:00:00+00:00,1040.4757736650936,5
2025-08-28 04:00:00+00:00,1040.879163886389,5
2025-08-29 04:00:00+00:00,1040.1974434353303,5
2025-09-02 04:00:00+00:00,1039.3553974666152,5
2025-09-03 04:00:00+00:00,1039.9666738334313,5
2025-09-04 04:00:00+00:00,1040.9143967995112,5
2025-09-05 04:00:00+00:00,1040.583222635565,5
2025-09-08 04:00:00+00:00,1040.8633139674346,5
2025-09-09 04:00:00+00:00,1041.1275553803493,5
2025-09-10 04:00:00+00:00,1041.4587295442952,5
2025-09-11 04:00:00+00:00,1042.4135295318013,5
2025-09-12 04:00:00+00:00,1042.3747418014652,5
2025-09-15 04:00:00+00:00,1042.9913014745996,5
2025-09-16 04:00:00+00:00,1042.8310085699454,5
2025-09-17 04:00:00+00:00,1042.6865547132452,5
2025-09-18 04:00:00+00:00,1043.2291263559232,5
2025-09-19 04:00:00+00:00,1043.8069417827242,5
2025-09-22 04:00:00+00:00,1044.361612849131,5
2025-09-23 04:00:00+00:00,1043.7203977465117,5
2025-09-24 04:00:00+00:00,1043.347652876062,5
2025-09-25 04:00:00+00:00,1042.808886083613,5
2025-09-26 04:00:00+00:00,1043.4748435837225,5
2025-09-29 04:00:00+00:00,1043.8034087075114,5
2025-09-30 04:00:00+00:00,1044.2450213671088,5
2025-10-01 04:00:00+00:00,1044.6460199682604,5
2025-10-02 04:00:00+00:00,1044.7820161864513,5
2025-10-03 04:00:00+00:00,1044.7802768263464,5
2025-10-06 04:00:00+00:00,1045.2042132388794,5
2025-10-07 04:00:00+00:00,1044.764361681388,5
2025-10-08 04:00:00+00:00,1045.4691830088382,5
2025-10-09 04:00:00+00:00,1045.124724482092,5
2025-10-10 04:00:00+00:00,1041.9203448450976,5
2025-10-13 04:00:00+00:00,1043.690350300702,5
2025-10-14 04:00:00+00:00,1043.5472661900844,5
2025-10-15 04:00:00+00:00,1044.0666065043633,5
2025-10-16 04:00:00+00:00,1043.2663921461678,5
2025-10-17 04:00:00+00:00,1043.928827442065,5
2025-10-20 04:00:00+00:00,1045.1494560085814,5
2025-10-21 04:00:00+00:00,1045.1476840354746,5
2025-10-22 04:00:00+00:00,1044.5311895883444,5
2025-10-23 04:00:00+00:00,1045.2307167384756,5
2025-10-24 04:00:00+00:00,1046.2005078358845,5
2025-10-27 04:00:00+00:00,1047.6119224638917,5
2025-10-28 04:00:00+00:00,1047.9334105662542,5
2025-10-29 04:00:00+00:00,1047.9917117427656,5
2025-10-30 04:00:00+00:00,1046.6562636673339,5
2025-10-31 04:00:00+00:00,1047.0501743760585,5
2025-11-03 05:00:00+00:00,1047.2762803186765,5
2025-11-04 05:00:00+00:00,1045.8454392124993,5
2025-11-05 05:00:00+00:00,1046.2587981413953,5
2025-11-06 05:00:00+00:00,1044.9745742210487,5
2025-11-07 05:00:00+00:00,1045.09115483207,5
2025-11-10 05:00:00+00:00,1046.940649044462,5
2025-11-11 05:00:00+00:00,1047.2162289110597,5
2025-11-12 05:00:00+00:00,1047.2833573401026,5
2025-11-13 05:00:00+00:00,1045.2801797914547,5
2025-11-14 05:00:00+00:00,1045.2607315712835,5
2025-11-17 05:00:00+00:00,1044.154933384683,5
2025-11-18 05:00:00+00:00,1043.1674769112103,5
2025-11-19 05:00:00+00:00,1043.61792769434,5
2025-11-20 05:00:00+00:00,1041.8338008088851,5
2025-11-21 05:00:00+00:00,1042.981995898039,5
2025-11-24 05:00:00+00:00,1044.6954721502389,5
2025-11-25 05:00:00+00:00,1045.8065971271599,5
2025-11-26 05:00:00+00:00,1046.6297601677377,5
2025-11-28 05:00:00+00:00,1047.2851184422088,5
2025-12-01 05:00:00+00:00,1046.7339804510148,5
2025-12-02 05:00:00+00:00,1046.9565533184198,5
2025-12-03 05:00:00+00:00,1047.3734453225286,5
2025-12-04 05:00:00+00:00,1047.4617613318476,5
2025-12-05 05:00:00+00:00,1047.6914003496784,5
2025-12-08 05:00:00+00:00,1047.3275044737616,5
2025-12-09 05:00:00+00:00,1047.2232950614853,5
2025-12-10 05:00:00+00:00,1048.0235094196807,5
2025-12-11 05:00:00+00:00,1048.3061336947028,5
2025-12-12 05:00:00+00:00,1046.9971891188673,5
2025-12-15 05:00:00+00:00,1046.7310789759806,5
